[
  {
    "name": "Grupo Luna",
    "max_places": 15,
    "occupied_places": 0,
    "language": "Español",
    "location": "Puebla, Puebla, México",
    "level": "Avanzado",
    "mode": "En línea",
    "start_date": "2025-04-22T00:00:00.000",
    "end_date": "2025-04-29T00:00:00.000",
    "start_hour": "09:00:00",
    "end_hour": "12:00:00",
    "id_mentor": 1,
    "id_venue": 1
  },
  {
    "name": "Grupo Sol",
    "max_places": 15,
    "occupied_places": 0,
    "language": "Español",
    "location": "Puebla, Puebla, México",
    "level": "Avanzado",
    "mode": "Presencial",
    "start_date": "2025-04-21T00:00:00.000",
    "end_date": "2025-04-27T00:00:00.000",
    "start_hour": "09:00:00",
    "end_hour": "12:00:00",
    "id_mentor": 2,
    "id_venue": 1
  },
  {
    "name": "Grupo Luna",
    "max_places": 15,
    "occupied_places": 0,
    "language": "Inglés",
    "location": "Guadalajara, Jalisco, México",
    "level": "Básico",
    "mode": "En línea",
    "start_date": "2025-04-18T00:00:00.000",
    "end_date": "2025-04-26T00:00:00.000",
    "start_hour": "09:00:00",
    "end_hour": "12:00:00",
    "id_mentor": 3,
    "id_venue": 2
  },
  {
    "name": "Grupo Sol",
    "max_places": 15,
    "occupied_places": 0,
    "language": "Español",
    "location": "Guadalajara, Jalisco, México",
    "level": "Avanzado",
    "mode": "En línea",
    "start_date": "2025-04-16T00:00:00.000",
    "end_date": "2025-04-23T00:00:00.000",
    "start_hour": "09:00:00",
    "end_hour": "12:00:00",
    "id_mentor": 4,
    "id_venue": 2
  },
  {
    "name": "Grupo Mar",
    "max_places": 15,
    "occupied_places": 0,
    "language": "Inglés",
    "location": "Guadalajara, Jalisco, México",
    "level": "Básico",
    "mode": "Presencial",
    "start_date": "2025-04-16T00:00:00.000",
    "end_date": "2025-04-22T00:00:00.000",
    "start_hour": "09:00:00",
    "end_hour": "12:00:00",
    "id_mentor": 5,
    "id_venue": 2
  },
  {
    "name": "Grupo Montaña",
    "max_places": 15,
    "occupied_places": 0,
    "language": "Inglés",
    "location": "Guadalajara, Jalisco, México",
    "level": "Básico",
    "mode": "En línea",
    "start_date": "2025-04-17T00:00:00.000",
    "end_date": "2025-04-23T00:00:00.000",
    "start_hour": "09:00:00",
    "end_hour": "12:00:00",
    "id_mentor": 6,
    "id_venue": 2
  },
  {
    "name": "Grupo Luna",
    "max_places": 15,
    "occupied_places": 0,
    "language": "Inglés",
    "location": "Bogotá, Colombia",
    "level": "Avanzado",
    "mode": "Presencial",
    "start_date": "2025-04-18T00:00:00.000",
    "end_date": "2025-04-26T00:00:00.000",
    "start_hour": "09:00:00",
    "end_hour": "12:00:00",
    "id_mentor": 7,
    "id_venue": 3
  },
  {
    "name": "Grupo Sol",
    "max_places": 15,
    "occupied_places": 0,
    "language": "Inglés",
    "location": "Bogotá, Colombia",
    "level": "Avanzado",
    "mode": "Presencial",
    "start_date": "2025-04-20T00:00:00.000",
    "end_date": "2025-04-26T00:00:00.000",
    "start_hour": "09:00:00",
    "end_hour": "12:00:00",
    "id_mentor": 8,
    "id_venue": 3
  },
  {
    "name": "Grupo Mar",
    "max_places": 15,
    "occupied_places": 0,
    "language": "Español",
    "location": "Bogotá, Colombia",
    "level": "Básico",
    "mode": "En línea",
    "start_date": "2025-04-18T00:00:00.000",
    "end_date": "2025-04-25T00:00:00.000",
    "start_hour": "09:00:00",
    "end_hour": "12:00:00",
    "id_mentor": 9,
    "id_venue": 3
  },
  {
    "name": "Grupo Montaña",
    "max_places": 15,
    "occupied_places": 0,
    "language": "Inglés",
    "location": "Bogotá, Colombia",
    "level": "Avanzado",
    "mode": "Presencial",
    "start_date": "2025-04-20T00:00:00.000",
    "end_date": "2025-04-28T00:00:00.000",
    "start_hour": "09:00:00",
    "end_hour": "12:00:00",
    "id_mentor": 10,
    "id_venue": 3
  },
  {
    "name": "Grupo Luna",
    "max_places": 15,
    "occupied_places": 0,
    "language": "Inglés",
    "location": "Cambridge, Massachusetts, USA",
    "level": "Avanzado",
    "mode": "En línea",
    "start_date": "2025-04-23T00:00:00.000",
    "end_date": "2025-04-30T00:00:00.000",
    "start_hour": "09:00:00",
    "end_hour": "12:00:00",
    "id_mentor": 11,
    "id_venue": 4
  },
  {
    "name": "Grupo Sol",
    "max_places": 15,
    "occupied_places": 0,
    "language": "Español",
    "location": "Cambridge, Massachusetts, USA",
    "level": "Avanzado",
    "mode": "En línea",
    "start_date": "2025-04-18T00:00:00.000",
    "end_date": "2025-04-26T00:00:00.000",
    "start_hour": "09:00:00",
    "end_hour": "12:00:00",
    "id_mentor": 12,
    "id_venue": 4
  },
  {
    "name": "Grupo Mar",
    "max_places": 15,
    "occupied_places": 0,
    "language": "Español",
    "location": "Cambridge, Massachusetts, USA",
    "level": "Avanzado",
    "mode": "Presencial",
    "start_date": "2025-04-18T00:00:00.000",
    "end_date": "2025-04-25T00:00:00.000",
    "start_hour": "09:00:00",
    "end_hour": "12:00:00",
    "id_mentor": 13,
    "id_venue": 4
  },
  {
    "name": "Grupo Montaña",
    "max_places": 15,
    "occupied_places": 0,
    "language": "Inglés",
    "location": "Cambridge, Massachusetts, USA",
    "level": "Básico",
    "mode": "Presencial",
    "start_date": "2025-04-18T00:00:00.000",
    "end_date": "2025-04-25T00:00:00.000",
    "start_hour": "09:00:00",
    "end_hour": "12:00:00",
    "id_mentor": 14,
    "id_venue": 4
  },
  {
    "name": "Grupo Luna",
    "max_places": 15,
    "occupied_places": 0,
    "language": "Español",
    "location": "Querétaro, Querétaro, México",
    "level": "Básico",
    "mode": "En línea",
    "start_date": "2025-04-17T00:00:00.000",
    "end_date": "2025-04-23T00:00:00.000",
    "start_hour": "09:00:00",
    "end_hour": "12:00:00",
    "id_mentor": 15,
    "id_venue": 5
  },
  {
    "name": "Grupo Sol",
    "max_places": 15,
    "occupied_places": 0,
    "language": "Inglés",
    "location": "Querétaro, Querétaro, México",
    "level": "Básico",
    "mode": "En línea",
    "start_date": "2025-04-20T00:00:00.000",
    "end_date": "2025-04-27T00:00:00.000",
    "start_hour": "09:00:00",
    "end_hour": "12:00:00",
    "id_mentor": 16,
    "id_venue": 5
  },
  {
    "name": "Grupo Mar",
    "max_places": 15,
    "occupied_places": 0,
    "language": "Inglés",
    "location": "Querétaro, Querétaro, México",
    "level": "Avanzado",
    "mode": "Presencial",
    "start_date": "2025-04-22T00:00:00.000",
    "end_date": "2025-04-30T00:00:00.000",
    "start_hour": "09:00:00",
    "end_hour": "12:00:00",
    "id_mentor": 17,
    "id_venue": 5
  }
]
