[
  {
    "name": "Mercedes",
    "paternal_name": "Vigil",
    "maternal_name": "Solorzano",
    "email": "jbonilla@tec.mx",
    "phone_number": "118-295-9581",
    "id_venue": 1
  },
  {
    "name": "Leticia",
    "paternal_name": "Cintrón",
    "maternal_name": "Estrada",
    "email": "marredondo@tec.mx",
    "phone_number": "+51(9)6663866886",
    "id_venue": 1
  },
  {
    "name": "Mariana",
    "paternal_name": "Arguello",
    "maternal_name": "Cepeda",
    "email": "vgodoy@tec.mx",
    "phone_number": "1-991-187-8074x11573",
    "id_venue": 2
  },
  {
    "name": "Olivia",
    "paternal_name": "Cavazos",
    "maternal_name": "de la Garza",
    "email": "ofelia10@tec.mx",
    "phone_number": "01377822255",
    "id_venue": 2
  },
  {
    "name": "Omar",
    "paternal_name": "Cruz",
    "maternal_name": "Arteaga",
    "email": "esquiveldiana@tec.mx",
    "phone_number": "1-703-273-2582",
    "id_venue": 2
  },
  {
    "name": "Abraham",
    "paternal_name": "Gaitán",
    "maternal_name": "Cantú",
    "email": "acunajose-luis@tec.mx",
    "phone_number": "883.003.8566x345",
    "id_venue": 2
  },
  {
    "name": "Sofía",
    "paternal_name": "Pérez",
    "maternal_name": "Puga",
    "email": "barretonatalia@tec.mx",
    "phone_number": "1-178-375-2308x338",
    "id_venue": 3
  },
  {
    "name": "Armando",
    "paternal_name": "Balderas",
    "maternal_name": "Cano",
    "email": "lilia98@tec.mx",
    "phone_number": "672-258-5803x50141",
    "id_venue": 3
  },
  {
    "name": "María Elena",
    "paternal_name": "Piña",
    "maternal_name": "Curiel",
    "email": "cynthianieves@tec.mx",
    "phone_number": "799-930-8764",
    "id_venue": 3
  },
  {
    "name": "Emiliano",
    "paternal_name": "Caldera",
    "maternal_name": "Polanco",
    "email": "maldonadoamador@tec.mx",
    "phone_number": "1-454-004-0849",
    "id_venue": 3
  },
  {
    "name": "Trinidad",
    "paternal_name": "Alcala",
    "maternal_name": "Zepeda",
    "email": "emilianovaca@tec.mx",
    "phone_number": "196-259-1689x1359",
    "id_venue": 4
  },
  {
    "name": "Timoteo",
    "paternal_name": "Rodarte",
    "maternal_name": "Cantú",
    "email": "cristobal88@tec.mx",
    "phone_number": "592-948-4146x77543",
    "id_venue": 4
  },
  {
    "name": "Angélica",
    "paternal_name": "Bustamante",
    "maternal_name": "Terrazas",
    "email": "jvillareal@tec.mx",
    "phone_number": "1-346-786-5790",
    "id_venue": 4
  },
  {
    "name": "Socorro",
    "paternal_name": "de la Rosa",
    "maternal_name": "Girón",
    "email": "deborapedraza@tec.mx",
    "phone_number": "(548)629-9832x30579",
    "id_venue": 4
  },
  {
    "name": "Evelio",
    "paternal_name": "Cervántez",
    "maternal_name": "Olvera",
    "email": "amolina@tec.mx",
    "phone_number": "03075393188",
    "id_venue": 5
  },
  {
    "name": "Yuridia",
    "paternal_name": "Carrera",
    "maternal_name": "Lira",
    "email": "munozmiguel@tec.mx",
    "phone_number": "(255)649-1069x3329",
    "id_venue": 5
  },
  {
    "name": "Espartaco",
    "paternal_name": "Barrera",
    "maternal_name": "Haro",
    "email": "magdalena57@tec.mx",
    "phone_number": "(261)103-0076",
    "id_venue": 5
  }
]
