[
  {
    "name": "Mauricio",
    "paternal_name": "Roque",
    "maternal_name": "Benavídez",
    "email": "ybarramario@tec.mx",
    "year": "2025",
    "education": "Preparatoria",
    "participation_file": "",
    "preferred_group": 1,
    "id_tutor": 1,
    "status": "Pendiente"
  },
  {
    "name": "Camila",
    "paternal_name": "Quiroz",
    "maternal_name": "Soliz",
    "email": "pantojagenaro@tec.mx",
    "year": "2025",
    "education": "Preparatoria",
    "participation_file": "",
    "preferred_group": 1,
    "id_tutor": 2,
    "status": "Pendiente"
  },
  {
    "name": "Antonia",
    "paternal_name": "Solano",
    "maternal_name": "Contreras",
    "email": "benjamin26@tec.mx",
    "year": "2025",
    "education": "Preparatoria",
    "participation_file": "",
    "preferred_group": 1,
    "id_tutor": 3,
    "status": "Pendiente"
  },
  {
    "name": "Jorge",
    "paternal_name": "Manzanares",
    "maternal_name": "Méndez",
    "email": "lopezpedro@tec.mx",
    "year": "2025",
    "education": "Preparatoria",
    "participation_file": "",
    "preferred_group": 1,
    "id_tutor": 4,
    "status": "Pendiente"
  },
  {
    "name": "Dulce María",
    "paternal_name": "Ulloa",
    "maternal_name": "Alva",
    "email": "lilia60@tec.mx",
    "year": "2025",
    "education": "Preparatoria",
    "participation_file": "",
    "preferred_group": 1,
    "id_tutor": 5,
    "status": "Pendiente"
  },
  {
    "name": "Nelly",
    "paternal_name": "Aragón",
    "maternal_name": "Zamudio",
    "email": "jcisneros@tec.mx",
    "year": "2025",
    "education": "Preparatoria",
    "participation_file": "",
    "preferred_group": 2,
    "id_tutor": 6,
    "status": "Pendiente"
  },
  {
    "name": "Leticia",
    "paternal_name": "Leiva",
    "maternal_name": "Collazo",
    "email": "laratrinidad@tec.mx",
    "year": "2025",
    "education": "Preparatoria",
    "participation_file": "",
    "preferred_group": 2,
    "id_tutor": 7,
    "status": "Pendiente"
  },
  {
    "name": "María del Carmen",
    "paternal_name": "Alarcón",
    "maternal_name": "Villalpando",
    "email": "dmadrid@tec.mx",
    "year": "2025",
    "education": "Preparatoria",
    "participation_file": "",
    "preferred_group": 2,
    "id_tutor": 8,
    "status": "Pendiente"
  },
  {
    "name": "Delia",
    "paternal_name": "Zarate",
    "maternal_name": "Sisneros",
    "email": "casarezleonor@tec.mx",
    "year": "2025",
    "education": "Preparatoria",
    "participation_file": "",
    "preferred_group": 2,
    "id_tutor": 9,
    "status": "Pendiente"
  },
  {
    "name": "Ricardo",
    "paternal_name": "Dávila",
    "maternal_name": "Vázquez",
    "email": "celiarolon@tec.mx",
    "year": "2025",
    "education": "Preparatoria",
    "participation_file": "",
    "preferred_group": 2,
    "id_tutor": 10,
    "status": "Pendiente"
  },
  {
    "name": "Abigail",
    "paternal_name": "Burgos",
    "maternal_name": "Arreola",
    "email": "alicia01@tec.mx",
    "year": "2025",
    "education": "Preparatoria",
    "participation_file": "",
    "preferred_group": 2,
    "id_tutor": 11,
    "status": "Pendiente"
  },
  {
    "name": "Daniel",
    "paternal_name": "Trejo",
    "maternal_name": "Salcedo",
    "email": "veronicasoliz@tec.mx",
    "year": "2025",
    "education": "Preparatoria",
    "participation_file": "",
    "preferred_group": 2,
    "id_tutor": 12,
    "status": "Pendiente"
  },
  {
    "name": "Lucas",
    "paternal_name": "Prado",
    "maternal_name": "Munguía",
    "email": "veronicacortes@tec.mx",
    "year": "2025",
    "education": "Preparatoria",
    "participation_file": "",
    "preferred_group": 3,
    "id_tutor": 13,
    "status": "Pendiente"
  },
  {
    "name": "Eva",
    "paternal_name": "Márquez",
    "maternal_name": "Ríos",
    "email": "jaquelinearce@tec.mx",
    "year": "2025",
    "education": "Preparatoria",
    "participation_file": "",
    "preferred_group": 3,
    "id_tutor": 14,
    "status": "Pendiente"
  },
  {
    "name": "Ofelia",
    "paternal_name": "Dueñas",
    "maternal_name": "Echeverría",
    "email": "xpantoja@tec.mx",
    "year": "2025",
    "education": "Preparatoria",
    "participation_file": "",
    "preferred_group": 3,
    "id_tutor": 15,
    "status": "Pendiente"
  },
  {
    "name": "Camilo",
    "paternal_name": "Ceja",
    "maternal_name": "Chavarría",
    "email": "marisol56@tec.mx",
    "year": "2025",
    "education": "Preparatoria",
    "participation_file": "",
    "preferred_group": 3,
    "id_tutor": 16,
    "status": "Pendiente"
  },
  {
    "name": "Rodolfo",
    "paternal_name": "Cordero",
    "maternal_name": "Barela",
    "email": "wsolorzano@tec.mx",
    "year": "2025",
    "education": "Preparatoria",
    "participation_file": "",
    "preferred_group": 3,
    "id_tutor": 17,
    "status": "Pendiente"
  },
  {
    "name": "Leonel",
    "paternal_name": "Niño",
    "maternal_name": "Menéndez",
    "email": "pascual13@tec.mx",
    "year": "2025",
    "education": "Preparatoria",
    "participation_file": "",
    "preferred_group": 3,
    "id_tutor": 18,
    "status": "Pendiente"
  },
  {
    "name": "Marco Antonio",
    "paternal_name": "Ureña",
    "maternal_name": "Angulo",
    "email": "maria-del-carmengurule@tec.mx",
    "year": "2025",
    "education": "Preparatoria",
    "participation_file": "",
    "preferred_group": 3,
    "id_tutor": 19,
    "status": "Pendiente"
  },
  {
    "name": "Octavio",
    "paternal_name": "Cisneros",
    "maternal_name": "Frías",
    "email": "angelsarabia@tec.mx",
    "year": "2025",
    "education": "Preparatoria",
    "participation_file": "",
    "preferred_group": 3,
    "id_tutor": 20,
    "status": "Pendiente"
  },
  {
    "name": "Catalina",
    "paternal_name": "Figueroa",
    "maternal_name": "Santacruz",
    "email": "ortegahumberto@tec.mx",
    "year": "2025",
    "education": "Preparatoria",
    "participation_file": "",
    "preferred_group": 4,
    "id_tutor": 21,
    "status": "Pendiente"
  },
  {
    "name": "Raquel",
    "paternal_name": "Borrego",
    "maternal_name": "Barragán",
    "email": "xcorrea@tec.mx",
    "year": "2025",
    "education": "Preparatoria",
    "participation_file": "",
    "preferred_group": 4,
    "id_tutor": 22,
    "status": "Pendiente"
  },
  {
    "name": "Reynaldo",
    "paternal_name": "Ramón",
    "maternal_name": "Gastélum",
    "email": "tbravo@tec.mx",
    "year": "2025",
    "education": "Preparatoria",
    "participation_file": "",
    "preferred_group": 4,
    "id_tutor": 23,
    "status": "Pendiente"
  },
  {
    "name": "Luis",
    "paternal_name": "Cordero",
    "maternal_name": "Quiñónez",
    "email": "gnaranjo@tec.mx",
    "year": "2025",
    "education": "Preparatoria",
    "participation_file": "",
    "preferred_group": 4,
    "id_tutor": 24,
    "status": "Pendiente"
  },
  {
    "name": "Mariana",
    "paternal_name": "Carmona",
    "maternal_name": "Lomeli",
    "email": "amadorluz@tec.mx",
    "year": "2025",
    "education": "Preparatoria",
    "participation_file": "",
    "preferred_group": 4,
    "id_tutor": 25,
    "status": "Pendiente"
  },
  {
    "name": "Eloy",
    "paternal_name": "Dueñas",
    "maternal_name": "Casanova",
    "email": "ana-luisaraya@tec.mx",
    "year": "2025",
    "education": "Preparatoria",
    "participation_file": "",
    "preferred_group": 5,
    "id_tutor": 26,
    "status": "Pendiente"
  },
  {
    "name": "Fidel",
    "paternal_name": "Zavala",
    "maternal_name": "Tello",
    "email": "julia92@tec.mx",
    "year": "2025",
    "education": "Preparatoria",
    "participation_file": "",
    "preferred_group": 5,
    "id_tutor": 27,
    "status": "Pendiente"
  },
  {
    "name": "Federico",
    "paternal_name": "Apodaca",
    "maternal_name": "Rascón",
    "email": "castanedalorena@tec.mx",
    "year": "2025",
    "education": "Preparatoria",
    "participation_file": "",
    "preferred_group": 5,
    "id_tutor": 28,
    "status": "Pendiente"
  },
  {
    "name": "Paulina",
    "paternal_name": "Carmona",
    "maternal_name": "Gastélum",
    "email": "marisol37@tec.mx",
    "year": "2025",
    "education": "Preparatoria",
    "participation_file": "",
    "preferred_group": 5,
    "id_tutor": 29,
    "status": "Pendiente"
  },
  {
    "name": "Teodoro",
    "paternal_name": "Ramírez",
    "maternal_name": "Rosas",
    "email": "noemi20@tec.mx",
    "year": "2025",
    "education": "Preparatoria",
    "participation_file": "",
    "preferred_group": 5,
    "id_tutor": 30,
    "status": "Pendiente"
  },
  {
    "name": "Miguel",
    "paternal_name": "Razo",
    "maternal_name": "Carrión",
    "email": "gastelumjacobo@tec.mx",
    "year": "2025",
    "education": "Preparatoria",
    "participation_file": "",
    "preferred_group": 5,
    "id_tutor": 31,
    "status": "Pendiente"
  },
  {
    "name": "Fidel",
    "paternal_name": "Almaraz",
    "maternal_name": "Aranda",
    "email": "fquintero@tec.mx",
    "year": "2025",
    "education": "Preparatoria",
    "participation_file": "",
    "preferred_group": 5,
    "id_tutor": 32,
    "status": "Pendiente"
  },
  {
    "name": "Trinidad",
    "paternal_name": "Granados",
    "maternal_name": "Castellanos",
    "email": "guzmanmanuel@tec.mx",
    "year": "2025",
    "education": "Preparatoria",
    "participation_file": "",
    "preferred_group": 6,
    "id_tutor": 33,
    "status": "Pendiente"
  },
  {
    "name": "Marcela",
    "paternal_name": "Ortiz",
    "maternal_name": "Ruiz",
    "email": "vnavarrete@tec.mx",
    "year": "2025",
    "education": "Preparatoria",
    "participation_file": "",
    "preferred_group": 6,
    "id_tutor": 34,
    "status": "Pendiente"
  },
  {
    "name": "Alejandra",
    "paternal_name": "Jaime",
    "maternal_name": "Montaño",
    "email": "farevalo@tec.mx",
    "year": "2025",
    "education": "Preparatoria",
    "participation_file": "",
    "preferred_group": 6,
    "id_tutor": 35,
    "status": "Pendiente"
  },
  {
    "name": "Eloy",
    "paternal_name": "Coronado",
    "maternal_name": "Almanza",
    "email": "gerardo13@tec.mx",
    "year": "2025",
    "education": "Preparatoria",
    "participation_file": "",
    "preferred_group": 6,
    "id_tutor": 36,
    "status": "Pendiente"
  },
  {
    "name": "Adriana",
    "paternal_name": "Quezada",
    "maternal_name": "Soliz",
    "email": "vanesaparedes@tec.mx",
    "year": "2025",
    "education": "Preparatoria",
    "participation_file": "",
    "preferred_group": 6,
    "id_tutor": 37,
    "status": "Pendiente"
  },
  {
    "name": "Bianca",
    "paternal_name": "Heredia",
    "maternal_name": "Salgado",
    "email": "hernan82@tec.mx",
    "year": "2025",
    "education": "Preparatoria",
    "participation_file": "",
    "preferred_group": 7,
    "id_tutor": 38,
    "status": "Pendiente"
  },
  {
    "name": "Roberto",
    "paternal_name": "Castro",
    "maternal_name": "Yáñez",
    "email": "galvanbenjamin@tec.mx",
    "year": "2025",
    "education": "Preparatoria",
    "participation_file": "",
    "preferred_group": 7,
    "id_tutor": 39,
    "status": "Pendiente"
  },
  {
    "name": "Amanda",
    "paternal_name": "Armendáriz",
    "maternal_name": "Otero",
    "email": "sanchezreynaldo@tec.mx",
    "year": "2025",
    "education": "Preparatoria",
    "participation_file": "",
    "preferred_group": 7,
    "id_tutor": 40,
    "status": "Pendiente"
  },
  {
    "name": "Graciela",
    "paternal_name": "Contreras",
    "maternal_name": "Carrillo",
    "email": "cisnerosalfonso@tec.mx",
    "year": "2025",
    "education": "Preparatoria",
    "participation_file": "",
    "preferred_group": 7,
    "id_tutor": 41,
    "status": "Pendiente"
  },
  {
    "name": "Bianca",
    "paternal_name": "Aponte",
    "maternal_name": "Vázquez",
    "email": "trinidadsantacruz@tec.mx",
    "year": "2025",
    "education": "Preparatoria",
    "participation_file": "",
    "preferred_group": 7,
    "id_tutor": 42,
    "status": "Pendiente"
  },
  {
    "name": "Manuel",
    "paternal_name": "Leyva",
    "maternal_name": "Páez",
    "email": "nevarezhector@tec.mx",
    "year": "2025",
    "education": "Preparatoria",
    "participation_file": "",
    "preferred_group": 7,
    "id_tutor": 43,
    "status": "Pendiente"
  },
  {
    "name": "Pilar",
    "paternal_name": "López",
    "maternal_name": "Navarro",
    "email": "lcastillo@tec.mx",
    "year": "2025",
    "education": "Preparatoria",
    "participation_file": "",
    "preferred_group": 7,
    "id_tutor": 44,
    "status": "Pendiente"
  },
  {
    "name": "Lilia",
    "paternal_name": "Gaona",
    "maternal_name": "Olmos",
    "email": "gracielaruelas@tec.mx",
    "year": "2025",
    "education": "Preparatoria",
    "participation_file": "",
    "preferred_group": 8,
    "id_tutor": 45,
    "status": "Pendiente"
  },
  {
    "name": "Ilse",
    "paternal_name": "Páez",
    "maternal_name": "Castañeda",
    "email": "uriasvirginia@tec.mx",
    "year": "2025",
    "education": "Preparatoria",
    "participation_file": "",
    "preferred_group": 8,
    "id_tutor": 46,
    "status": "Pendiente"
  },
  {
    "name": "José Carlos",
    "paternal_name": "Chávez",
    "maternal_name": "Olivo",
    "email": "vbaeza@tec.mx",
    "year": "2025",
    "education": "Preparatoria",
    "participation_file": "",
    "preferred_group": 8,
    "id_tutor": 47,
    "status": "Pendiente"
  },
  {
    "name": "Nelly",
    "paternal_name": "Villalobos",
    "maternal_name": "Montalvo",
    "email": "barretoadela@tec.mx",
    "year": "2025",
    "education": "Preparatoria",
    "participation_file": "",
    "preferred_group": 8,
    "id_tutor": 48,
    "status": "Pendiente"
  },
  {
    "name": "Juan",
    "paternal_name": "Gómez",
    "maternal_name": "Ortiz",
    "email": "alta-gracia50@tec.mx",
    "year": "2025",
    "education": "Preparatoria",
    "participation_file": "",
    "preferred_group": 8,
    "id_tutor": 49,
    "status": "Pendiente"
  },
  {
    "name": "Dulce María",
    "paternal_name": "Lucio",
    "maternal_name": "Adame",
    "email": "oaragon@tec.mx",
    "year": "2025",
    "education": "Preparatoria",
    "participation_file": "",
    "preferred_group": 8,
    "id_tutor": 50,
    "status": "Pendiente"
  },
  {
    "name": "Karla",
    "paternal_name": "Burgos",
    "maternal_name": "Estrada",
    "email": "adan04@tec.mx",
    "year": "2025",
    "education": "Preparatoria",
    "participation_file": "",
    "preferred_group": 9,
    "id_tutor": 51,
    "status": "Pendiente"
  },
  {
    "name": "Florencia",
    "paternal_name": "Cintrón",
    "maternal_name": "Arteaga",
    "email": "alfonsoolivas@tec.mx",
    "year": "2025",
    "education": "Preparatoria",
    "participation_file": "",
    "preferred_group": 9,
    "id_tutor": 52,
    "status": "Pendiente"
  },
  {
    "name": "Amanda",
    "paternal_name": "Corral",
    "maternal_name": "Lara",
    "email": "ialcaraz@tec.mx",
    "year": "2025",
    "education": "Preparatoria",
    "participation_file": "",
    "preferred_group": 9,
    "id_tutor": 53,
    "status": "Pendiente"
  },
  {
    "name": "Marco Antonio",
    "paternal_name": "Echeverría",
    "maternal_name": "Limón",
    "email": "maytegamboa@tec.mx",
    "year": "2025",
    "education": "Preparatoria",
    "participation_file": "",
    "preferred_group": 9,
    "id_tutor": 54,
    "status": "Pendiente"
  },
  {
    "name": "Israel",
    "paternal_name": "Lucero",
    "maternal_name": "Pichardo",
    "email": "fveliz@tec.mx",
    "year": "2025",
    "education": "Preparatoria",
    "participation_file": "",
    "preferred_group": 9,
    "id_tutor": 55,
    "status": "Pendiente"
  },
  {
    "name": "Felipe",
    "paternal_name": "Peres",
    "maternal_name": "Pineda",
    "email": "gonzalolozano@tec.mx",
    "year": "2025",
    "education": "Preparatoria",
    "participation_file": "",
    "preferred_group": 9,
    "id_tutor": 56,
    "status": "Pendiente"
  },
  {
    "name": "Diego",
    "paternal_name": "Miranda",
    "maternal_name": "Marrero",
    "email": "cbrito@tec.mx",
    "year": "2025",
    "education": "Preparatoria",
    "participation_file": "",
    "preferred_group": 9,
    "id_tutor": 57,
    "status": "Pendiente"
  },
  {
    "name": "Leonel",
    "paternal_name": "Ordóñez",
    "maternal_name": "Hinojosa",
    "email": "maytedelgado@tec.mx",
    "year": "2025",
    "education": "Preparatoria",
    "participation_file": "",
    "preferred_group": 9,
    "id_tutor": 58,
    "status": "Pendiente"
  },
  {
    "name": "Nayeli",
    "paternal_name": "Villegas",
    "maternal_name": "Rocha",
    "email": "ymunoz@tec.mx",
    "year": "2025",
    "education": "Preparatoria",
    "participation_file": "",
    "preferred_group": 10,
    "id_tutor": 59,
    "status": "Pendiente"
  },
  {
    "name": "Elvira",
    "paternal_name": "Soria",
    "maternal_name": "Quiñones",
    "email": "csantillan@tec.mx",
    "year": "2025",
    "education": "Preparatoria",
    "participation_file": "",
    "preferred_group": 10,
    "id_tutor": 60,
    "status": "Pendiente"
  },
  {
    "name": "Ilse",
    "paternal_name": "Molina",
    "maternal_name": "Rodríquez",
    "email": "ameliabecerra@tec.mx",
    "year": "2025",
    "education": "Preparatoria",
    "participation_file": "",
    "preferred_group": 10,
    "id_tutor": 61,
    "status": "Pendiente"
  },
  {
    "name": "Gonzalo",
    "paternal_name": "Leiva",
    "maternal_name": "Holguín",
    "email": "olivoesteban@tec.mx",
    "year": "2025",
    "education": "Preparatoria",
    "participation_file": "",
    "preferred_group": 10,
    "id_tutor": 62,
    "status": "Pendiente"
  },
  {
    "name": "Timoteo",
    "paternal_name": "Rosas",
    "maternal_name": "Preciado",
    "email": "albertocornejo@tec.mx",
    "year": "2025",
    "education": "Preparatoria",
    "participation_file": "",
    "preferred_group": 10,
    "id_tutor": 63,
    "status": "Pendiente"
  },
  {
    "name": "Gustavo",
    "paternal_name": "Curiel",
    "maternal_name": "Avilés",
    "email": "gabinogriego@tec.mx",
    "year": "2025",
    "education": "Preparatoria",
    "participation_file": "",
    "preferred_group": 11,
    "id_tutor": 64,
    "status": "Pendiente"
  },
  {
    "name": "Alejandro",
    "paternal_name": "Laureano",
    "maternal_name": "Salgado",
    "email": "lemusantonio@tec.mx",
    "year": "2025",
    "education": "Preparatoria",
    "participation_file": "",
    "preferred_group": 11,
    "id_tutor": 65,
    "status": "Pendiente"
  },
  {
    "name": "Carlos",
    "paternal_name": "Hernández",
    "maternal_name": "Ledesma",
    "email": "andrea46@tec.mx",
    "year": "2025",
    "education": "Preparatoria",
    "participation_file": "",
    "preferred_group": 11,
    "id_tutor": 66,
    "status": "Pendiente"
  },
  {
    "name": "Sara",
    "paternal_name": "Tapia",
    "maternal_name": "Casárez",
    "email": "gregoriosaavedra@tec.mx",
    "year": "2025",
    "education": "Preparatoria",
    "participation_file": "",
    "preferred_group": 11,
    "id_tutor": 67,
    "status": "Pendiente"
  },
  {
    "name": "Juan",
    "paternal_name": "Ortiz",
    "maternal_name": "Galindo",
    "email": "maria-elenacalvillo@tec.mx",
    "year": "2025",
    "education": "Preparatoria",
    "participation_file": "",
    "preferred_group": 11,
    "id_tutor": 68,
    "status": "Pendiente"
  },
  {
    "name": "Sara",
    "paternal_name": "Chapa",
    "maternal_name": "Cotto",
    "email": "ullamas@tec.mx",
    "year": "2025",
    "education": "Preparatoria",
    "participation_file": "",
    "preferred_group": 11,
    "id_tutor": 69,
    "status": "Pendiente"
  },
  {
    "name": "Francisco Javier",
    "paternal_name": "Llamas",
    "maternal_name": "Adame",
    "email": "harias@tec.mx",
    "year": "2025",
    "education": "Preparatoria",
    "participation_file": "",
    "preferred_group": 11,
    "id_tutor": 70,
    "status": "Pendiente"
  },
  {
    "name": "Gilberto",
    "paternal_name": "Preciado",
    "maternal_name": "Figueroa",
    "email": "rolandogalvan@tec.mx",
    "year": "2025",
    "education": "Preparatoria",
    "participation_file": "",
    "preferred_group": 11,
    "id_tutor": 71,
    "status": "Pendiente"
  },
  {
    "name": "Cynthia",
    "paternal_name": "Avilés",
    "maternal_name": "de Anda",
    "email": "octavio89@tec.mx",
    "year": "2025",
    "education": "Preparatoria",
    "participation_file": "",
    "preferred_group": 12,
    "id_tutor": 72,
    "status": "Pendiente"
  },
  {
    "name": "Socorro",
    "paternal_name": "Cardenas",
    "maternal_name": "Vanegas",
    "email": "xulibarri@tec.mx",
    "year": "2025",
    "education": "Preparatoria",
    "participation_file": "",
    "preferred_group": 12,
    "id_tutor": 73,
    "status": "Pendiente"
  },
  {
    "name": "Amelia",
    "paternal_name": "Barreto",
    "maternal_name": "Miranda",
    "email": "morenoruben@tec.mx",
    "year": "2025",
    "education": "Preparatoria",
    "participation_file": "",
    "preferred_group": 12,
    "id_tutor": 74,
    "status": "Pendiente"
  },
  {
    "name": "Marisol",
    "paternal_name": "Galindo",
    "maternal_name": "Trujillo",
    "email": "ksoliz@tec.mx",
    "year": "2025",
    "education": "Preparatoria",
    "participation_file": "",
    "preferred_group": 12,
    "id_tutor": 75,
    "status": "Pendiente"
  },
  {
    "name": "Mitzy",
    "paternal_name": "Palomino",
    "maternal_name": "Quintero",
    "email": "luzpena@tec.mx",
    "year": "2025",
    "education": "Preparatoria",
    "participation_file": "",
    "preferred_group": 12,
    "id_tutor": 76,
    "status": "Pendiente"
  },
  {
    "name": "Jacinto",
    "paternal_name": "Rivero",
    "maternal_name": "Brito",
    "email": "tamezporfirio@tec.mx",
    "year": "2025",
    "education": "Preparatoria",
    "participation_file": "",
    "preferred_group": 12,
    "id_tutor": 77,
    "status": "Pendiente"
  },
  {
    "name": "Claudia",
    "paternal_name": "Iglesias",
    "maternal_name": "Espinoza",
    "email": "yolanda98@tec.mx",
    "year": "2025",
    "education": "Preparatoria",
    "participation_file": "",
    "preferred_group": 13,
    "id_tutor": 78,
    "status": "Pendiente"
  },
  {
    "name": "Hernán",
    "paternal_name": "Curiel",
    "maternal_name": "Botello",
    "email": "arreolaabigail@tec.mx",
    "year": "2025",
    "education": "Preparatoria",
    "participation_file": "",
    "preferred_group": 13,
    "id_tutor": 79,
    "status": "Pendiente"
  },
  {
    "name": "Socorro",
    "paternal_name": "Gutiérrez",
    "maternal_name": "Chacón",
    "email": "holguinsalma@tec.mx",
    "year": "2025",
    "education": "Preparatoria",
    "participation_file": "",
    "preferred_group": 13,
    "id_tutor": 80,
    "status": "Pendiente"
  },
  {
    "name": "Pascual",
    "paternal_name": "Yáñez",
    "maternal_name": "Galván",
    "email": "eloy41@tec.mx",
    "year": "2025",
    "education": "Preparatoria",
    "participation_file": "",
    "preferred_group": 13,
    "id_tutor": 81,
    "status": "Pendiente"
  },
  {
    "name": "Marcela",
    "paternal_name": "Madrigal",
    "maternal_name": "Peña",
    "email": "catalinaalonzo@tec.mx",
    "year": "2025",
    "education": "Preparatoria",
    "participation_file": "",
    "preferred_group": 13,
    "id_tutor": 82,
    "status": "Pendiente"
  },
  {
    "name": "Elena",
    "paternal_name": "Rodarte",
    "maternal_name": "Bernal",
    "email": "ocepeda@tec.mx",
    "year": "2025",
    "education": "Preparatoria",
    "participation_file": "",
    "preferred_group": 13,
    "id_tutor": 83,
    "status": "Pendiente"
  },
  {
    "name": "Noelia",
    "paternal_name": "Vergara",
    "maternal_name": "Madrid",
    "email": "aaponte@tec.mx",
    "year": "2025",
    "education": "Preparatoria",
    "participation_file": "",
    "preferred_group": 13,
    "id_tutor": 84,
    "status": "Pendiente"
  },
  {
    "name": "Jaqueline",
    "paternal_name": "Ávalos",
    "maternal_name": "Haro",
    "email": "jose-luis37@tec.mx",
    "year": "2025",
    "education": "Preparatoria",
    "participation_file": "",
    "preferred_group": 13,
    "id_tutor": 85,
    "status": "Pendiente"
  },
  {
    "name": "Gregorio",
    "paternal_name": "Meza",
    "maternal_name": "Iglesias",
    "email": "zunigacecilia@tec.mx",
    "year": "2025",
    "education": "Preparatoria",
    "participation_file": "",
    "preferred_group": 14,
    "id_tutor": 86,
    "status": "Pendiente"
  },
  {
    "name": "Marco Antonio",
    "paternal_name": "Molina",
    "maternal_name": "Cuellar",
    "email": "carlotasaiz@tec.mx",
    "year": "2025",
    "education": "Preparatoria",
    "participation_file": "",
    "preferred_group": 14,
    "id_tutor": 87,
    "status": "Pendiente"
  },
  {
    "name": "Lucía",
    "paternal_name": "Becerra",
    "maternal_name": "Parra",
    "email": "elvia99@tec.mx",
    "year": "2025",
    "education": "Preparatoria",
    "participation_file": "",
    "preferred_group": 14,
    "id_tutor": 88,
    "status": "Pendiente"
  },
  {
    "name": "Maximiliano",
    "paternal_name": "Reséndez",
    "maternal_name": "Olivera",
    "email": "espartacoceja@tec.mx",
    "year": "2025",
    "education": "Preparatoria",
    "participation_file": "",
    "preferred_group": 14,
    "id_tutor": 89,
    "status": "Pendiente"
  },
  {
    "name": "Felipe",
    "paternal_name": "Saucedo",
    "maternal_name": "Vaca",
    "email": "alejandra86@tec.mx",
    "year": "2025",
    "education": "Preparatoria",
    "participation_file": "",
    "preferred_group": 14,
    "id_tutor": 90,
    "status": "Pendiente"
  },
  {
    "name": "Felix",
    "paternal_name": "Aparicio",
    "maternal_name": "Vanegas",
    "email": "tde-jesus@tec.mx",
    "year": "2025",
    "education": "Preparatoria",
    "participation_file": "",
    "preferred_group": 14,
    "id_tutor": 91,
    "status": "Pendiente"
  },
  {
    "name": "José Eduardo",
    "paternal_name": "Godínez",
    "maternal_name": "Ballesteros",
    "email": "wflorez@tec.mx",
    "year": "2025",
    "education": "Preparatoria",
    "participation_file": "",
    "preferred_group": 15,
    "id_tutor": 92,
    "status": "Pendiente"
  },
  {
    "name": "Horacio",
    "paternal_name": "Malave",
    "maternal_name": "Zedillo",
    "email": "tellolourdes@tec.mx",
    "year": "2025",
    "education": "Preparatoria",
    "participation_file": "",
    "preferred_group": 15,
    "id_tutor": 93,
    "status": "Pendiente"
  },
  {
    "name": "Francisco",
    "paternal_name": "Pulido",
    "maternal_name": "Ojeda",
    "email": "blancaburgos@tec.mx",
    "year": "2025",
    "education": "Preparatoria",
    "participation_file": "",
    "preferred_group": 15,
    "id_tutor": 94,
    "status": "Pendiente"
  },
  {
    "name": "Alejandra",
    "paternal_name": "Meraz",
    "maternal_name": "Varela",
    "email": "leonardo93@tec.mx",
    "year": "2025",
    "education": "Preparatoria",
    "participation_file": "",
    "preferred_group": 15,
    "id_tutor": 95,
    "status": "Pendiente"
  },
  {
    "name": "Julio César",
    "paternal_name": "Preciado",
    "maternal_name": "Arredondo",
    "email": "alfredo02@tec.mx",
    "year": "2025",
    "education": "Preparatoria",
    "participation_file": "",
    "preferred_group": 15,
    "id_tutor": 96,
    "status": "Pendiente"
  },
  {
    "name": "Clara",
    "paternal_name": "Ochoa",
    "maternal_name": "Mares",
    "email": "carolinagarcia@tec.mx",
    "year": "2025",
    "education": "Preparatoria",
    "participation_file": "",
    "preferred_group": 15,
    "id_tutor": 97,
    "status": "Pendiente"
  },
  {
    "name": "Margarita",
    "paternal_name": "Niño",
    "maternal_name": "Montañez",
    "email": "mateolorena@tec.mx",
    "year": "2025",
    "education": "Preparatoria",
    "participation_file": "",
    "preferred_group": 15,
    "id_tutor": 98,
    "status": "Pendiente"
  },
  {
    "name": "Araceli",
    "paternal_name": "Anguiano",
    "maternal_name": "Guillen",
    "email": "ncastillo@tec.mx",
    "year": "2025",
    "education": "Preparatoria",
    "participation_file": "",
    "preferred_group": 15,
    "id_tutor": 99,
    "status": "Pendiente"
  },
  {
    "name": "Alejandra",
    "paternal_name": "Castañeda",
    "maternal_name": "Batista",
    "email": "alonso16@tec.mx",
    "year": "2025",
    "education": "Preparatoria",
    "participation_file": "",
    "preferred_group": 16,
    "id_tutor": 100,
    "status": "Pendiente"
  },
  {
    "name": "Concepción",
    "paternal_name": "Tijerina",
    "maternal_name": "Baca",
    "email": "sergiobarajas@tec.mx",
    "year": "2025",
    "education": "Preparatoria",
    "participation_file": "",
    "preferred_group": 16,
    "id_tutor": 101,
    "status": "Pendiente"
  },
  {
    "name": "Víctor",
    "paternal_name": "Ulloa",
    "maternal_name": "Santana",
    "email": "juarezlourdes@tec.mx",
    "year": "2025",
    "education": "Preparatoria",
    "participation_file": "",
    "preferred_group": 16,
    "id_tutor": 102,
    "status": "Pendiente"
  },
  {
    "name": "Arturo",
    "paternal_name": "Córdova",
    "maternal_name": "Briones",
    "email": "qpadron@tec.mx",
    "year": "2025",
    "education": "Preparatoria",
    "participation_file": "",
    "preferred_group": 16,
    "id_tutor": 103,
    "status": "Pendiente"
  },
  {
    "name": "Esteban",
    "paternal_name": "Urrutia",
    "maternal_name": "Leyva",
    "email": "franciscapena@tec.mx",
    "year": "2025",
    "education": "Preparatoria",
    "participation_file": "",
    "preferred_group": 16,
    "id_tutor": 104,
    "status": "Pendiente"
  },
  {
    "name": "Joaquín",
    "paternal_name": "Curiel",
    "maternal_name": "Abreu",
    "email": "wcardona@tec.mx",
    "year": "2025",
    "education": "Preparatoria",
    "participation_file": "",
    "preferred_group": 17,
    "id_tutor": 105,
    "status": "Pendiente"
  },
  {
    "name": "Rebeca",
    "paternal_name": "Valles",
    "maternal_name": "Apodaca",
    "email": "pilar33@tec.mx",
    "year": "2025",
    "education": "Preparatoria",
    "participation_file": "",
    "preferred_group": 17,
    "id_tutor": 106,
    "status": "Pendiente"
  },
  {
    "name": "Ramón",
    "paternal_name": "Avilés",
    "maternal_name": "Maestas",
    "email": "hmontez@tec.mx",
    "year": "2025",
    "education": "Preparatoria",
    "participation_file": "",
    "preferred_group": 17,
    "id_tutor": 107,
    "status": "Pendiente"
  },
  {
    "name": "Israel",
    "paternal_name": "Aguilera",
    "maternal_name": "Orosco",
    "email": "faguilera@tec.mx",
    "year": "2025",
    "education": "Preparatoria",
    "participation_file": "",
    "preferred_group": 17,
    "id_tutor": 108,
    "status": "Pendiente"
  },
  {
    "name": "Bernardo",
    "paternal_name": "García",
    "maternal_name": "Pizarro",
    "email": "villacarlos@tec.mx",
    "year": "2025",
    "education": "Preparatoria",
    "participation_file": "",
    "preferred_group": 17,
    "id_tutor": 109,
    "status": "Pendiente"
  },
  {
    "name": "Evelio",
    "paternal_name": "Sanches",
    "maternal_name": "Samaniego",
    "email": "eugenio45@tec.mx",
    "year": "2025",
    "education": "Preparatoria",
    "participation_file": "",
    "preferred_group": 17,
    "id_tutor": 110,
    "status": "Pendiente"
  }
]
