[
  {
    "username": "barbararosario",
    "name": "Barbara",
    "paternal_name": "Rosario",
    "maternal_name": "Barba",
    "email": "hurtadolaura@tec.mx",
    "password": ")iKe6nSfM@"
  },
  {
    "username": "liraleonardo",
    "name": "Leonardo",
    "paternal_name": "Lira",
    "maternal_name": "Cano",
    "email": "iorellana@tec.mx",
    "password": "HP7UMIrK@D"
  },
  {
    "username": "esperanza53",
    "name": "Esperanza",
    "paternal_name": "Gonzalez",
    "maternal_name": "Lópéz",
    "email": "gallardoguadalupe@tec.mx",
    "password": "*_KFokliq3"
  }
]
