[
  {
    "name": "Grupo Borrego",
    "max_places": 10,
    "occupied_places": 5,
    "language": "Español",
    "location": "A-4103B",
    "level": "Avanzado",
    "mode": "Presencial",
    "start_date": "2025-06-16T00:00:00.000",
    "end_date": "2025-06-23T00:00:00.000",
    "start_hour": "09:00:00",
    "end_hour": "13:00:00",
    "id_mentor": 1,
    "id_venue": 1
  },
  {
    "name": "Grupo Carnero",
    "max_places": 15,
    "occupied_places": 7,
    "language": "Inglés",
    "location": "A-4104A",
    "level": "Básico",
    "mode": "Presencial",
    "start_date": "2025-06-17T00:00:00.000",
    "end_date": "2025-06-25T00:00:00.000",
    "start_hour": "10:00:00",
    "end_hour": "14:00:00",
    "id_mentor": 2,
    "id_venue": 1
  },
  {
    "name": "Grupo Azul",
    "max_places": 30,
    "occupied_places": 15,
    "language": "Inglés",
    "location": "https://zoom.com",
    "level": "Básico",
    "mode": "En línea",
    "start_date": "2025-06-16T00:00:00.000",
    "end_date": "2025-06-25T00:00:00.000",
    "start_hour": "16:00:00",
    "end_hour": "18:00:00",
    "id_mentor": 3,
    "id_venue": 1
  },
  {
    "name": "Círculos Azúles",
    "max_places": 15,
    "occupied_places": 3,
    "language": "Español",
    "location": "A-7113C",
    "level": "Avanzado",
    "mode": "Presencial",
    "start_date": "2025-06-10T00:00:00.000",
    "end_date": "2025-06-20T00:00:00.000",
    "start_hour": "09:00:00",
    "end_hour": "13:00:00",
    "id_mentor": 4,
    "id_venue": 2
  },
  {
    "name": "Cuadrados Verdes",
    "max_places": 30,
    "occupied_places": 20,
    "language": "Español",
    "location": "A-1324D",
    "level": "Básico",
    "mode": "Presencial",
    "start_date": "2025-06-17T00:00:00.000",
    "end_date": "2025-06-25T00:00:00.000",
    "start_hour": "10:00:00",
    "end_hour": "14:00:00",
    "id_mentor": 5,
    "id_venue": 2
  },
  {
    "name": "Triángulos Amarillos",
    "max_places": 20,
    "occupied_places": 20,
    "language": "Español",
    "location": "A-2236A",
    "level": "Básico",
    "mode": "Presencial",
    "start_date": "2025-06-18T00:00:00.000",
    "end_date": "2025-06-25T00:00:00.000",
    "start_hour": "15:00:00",
    "end_hour": "19:00:00",
    "id_mentor": 6,
    "id_venue": 2
  },
  {
    "name": "Borregos",
    "max_places": 15,
    "occupied_places": 6,
    "language": "Español",
    "location": "A-2113",
    "level": "Avanzado",
    "mode": "Presencial",
    "start_date": "2025-06-15T00:00:00.000",
    "end_date": "2025-06-23T00:00:00.000",
    "start_hour": "09:00:00",
    "end_hour": "13:00:00",
    "id_mentor": 7,
    "id_venue": 3
  },
  {
    "name": "Carneros Digitales",
    "max_places": 30,
    "occupied_places": 28,
    "language": "Inglés",
    "location": "https://zoom.com",
    "level": "Básico",
    "mode": "En línea",
    "start_date": "2025-06-16T00:00:00.000",
    "end_date": "2025-06-25T00:00:00.000",
    "start_hour": "10:00:00",
    "end_hour": "14:00:00",
    "id_mentor": 8,
    "id_venue": 3
  },
  {
    "name": "Carneritos",
    "max_places": 15,
    "occupied_places": 14,
    "language": "Español",
    "location": "A-3406",
    "level": "Básico",
    "mode": "Presencial",
    "start_date": "2025-06-20T00:00:00.000",
    "end_date": "2025-06-30T00:00:00.000",
    "start_hour": "16:00:00",
    "end_hour": "19:00:00",
    "id_mentor": 9,
    "id_venue": 3
  },
  {
    "name": "Grupo 1",
    "max_places": 15,
    "occupied_places": 10,
    "language": "Español",
    "location": "S-123",
    "level": "Avanzado",
    "mode": "Presencial",
    "start_date": "2025-06-15T00:00:00.000",
    "end_date": "2025-06-23T00:00:00.000",
    "start_hour": "09:00:00",
    "end_hour": "13:00:00",
    "id_mentor": 10,
    "id_venue": 4
  },
  {
    "name": "Grupo 2",
    "max_places": 20,
    "occupied_places": 15,
    "language": "Inglés",
    "location": "S-243",
    "level": "Básico",
    "mode": "Presencial",
    "start_date": "2025-06-15T00:00:00.000",
    "end_date": "2025-06-23T00:00:00.000",
    "start_hour": "10:00:00",
    "end_hour": "14:00:00",
    "id_mentor": 11,
    "id_venue": 4
  },
  {
    "name": "Grupo 3",
    "max_places": 15,
    "occupied_places": 14,
    "language": "Español",
    "location": "S-354",
    "level": "Básico",
    "mode": "Presencial",
    "start_date": "2025-06-15T00:00:00.000",
    "end_date": "2025-06-23T00:00:00.000",
    "start_hour": "16:00:00",
    "end_hour": "19:00:00",
    "id_mentor": 12,
    "id_venue": 4
  },
  {
    "name": "Girl Tech Power",
    "max_places": 20,
    "occupied_places": 10,
    "language": "Español",
    "location": "S-4023",
    "level": "Avanzado",
    "mode": "Presencial",
    "start_date": "2025-06-15T00:00:00.000",
    "end_date": "2025-06-23T00:00:00.000",
    "start_hour": "09:00:00",
    "end_hour": "13:00:00",
    "id_mentor": 13,
    "id_venue": 5
  },
  {
    "name": "Digital Power Up",
    "max_places": 20,
    "occupied_places": 15,
    "language": "Inglés",
    "location": "https://teams.com",
    "level": "Básico",
    "mode": "En línea",
    "start_date": "2025-06-15T00:00:00.000",
    "end_date": "2025-06-23T00:00:00.000",
    "start_hour": "10:00:00",
    "end_hour": "14:00:00",
    "id_mentor": 14,
    "id_venue": 5
  },
  {
    "name": "Girl on STEAM",
    "max_places": 15,
    "occupied_places": 14,
    "language": "Español",
    "location": "S-3142",
    "level": "Básico",
    "mode": "Presencial",
    "start_date": "2025-06-15T00:00:00.000",
    "end_date": "2025-06-23T00:00:00.000",
    "start_hour": "16:00:00",
    "end_hour": "19:00:00",
    "id_mentor": 15,
    "id_venue": 5
  }
]
