[
  {
    "name": "Ana Laura",
    "paternal_name": "Ramírez",
    "maternal_name": "García",
    "email": "ana.ramirez@tec.mx",
    "phone_number": "5512345678",
    "status": "Aprobada",
    "created_at": "2025-04-10T09:00:00.000Z",
    "id_venue": 1
  },
  {
    "name": "María Fernanda",
    "paternal_name": "Sánchez",
    "maternal_name": "López",
    "email": "maria.sanchez@tec.mx",
    "phone_number": "5523456789",
    "status": "Aprobada",
    "created_at": "2025-04-10T09:00:00.000Z",
    "id_venue": 1
  },
  {
    "name": "Paola Jimena",
    "paternal_name": "Castillo",
    "maternal_name": "Martínez",
    "email": "paola.castillo@tec.mx",
    "phone_number": "5534567890",
    "status": "Aprobada",
    "created_at": "2025-04-10T09:00:00.000Z",
    "id_venue": 1
  },
  {
    "name": "Valeria",
    "paternal_name": "Torres",
    "maternal_name": "Hernández",
    "email": "valeria.torres@tec.mx",
    "phone_number": "5545678901",
    "status": "Aprobada",
    "created_at": "2025-04-09T09:00:00.000Z",
    "id_venue": 2
  },
  {
    "name": "Andrea",
    "paternal_name": "Morales",
    "maternal_name": "Flores",
    "email": "andrea.morales@tec.mx",
    "phone_number": "5556789012",
    "status": "Aprobada",
    "created_at": "2025-04-09T09:00:00.000Z",
    "id_venue": 2
  },
  {
    "name": "Daniela",
    "paternal_name": "Vega",
    "maternal_name": "Cruz",
    "email": "daniela.vega@tec.mx",
    "phone_number": "5567890123",
    "status": "Aprobada",
    "created_at": "2025-04-09T09:00:00.000Z",
    "id_venue": 2
  },
  {
    "name": "Montserrat",
    "paternal_name": "Pérez",
    "maternal_name": "Jiménez",
    "email": "montserrat.perez@tec.mx",
    "phone_number": "5578901234",
    "status": "Aprobada",
    "created_at": "2025-04-14T09:00:00.000Z",
    "id_venue": 3
  },
  {
    "name": "Gabriela",
    "paternal_name": "Navarro",
    "maternal_name": "Silva",
    "email": "gabriela.navarro@tec.mx",
    "phone_number": "5589012345",
    "status": "Aprobada",
    "created_at": "2025-04-14T09:00:00.000Z",
    "id_venue": 3
  },
  {
    "name": "Alejandra",
    "paternal_name": "Mendoza",
    "maternal_name": "Ortega",
    "email": "alejandra.mendoza@tec.mx",
    "phone_number": "5590123456",
    "status": "Aprobada",
    "created_at": "2025-04-14T09:00:00.000Z",
    "id_venue": 3
  },
  {
    "name": "Claudia",
    "paternal_name": "Reyes",
    "maternal_name": "Aguilar",
    "email": "claudia.reyes@tec.mx",
    "phone_number": "5512340987",
    "status": "Aprobada",
    "created_at": "2025-04-25T09:00:00.000Z",
    "id_venue": 4
  },
  {
    "name": "Patricia",
    "paternal_name": "Domínguez",
    "maternal_name": "Salinas",
    "email": "patricia.dominguez@tec.mx",
    "phone_number": "5523409876",
    "status": "Aprobada",
    "created_at": "2025-04-25T09:00:00.000Z",
    "id_venue": 4
  },
  {
    "name": "Verónica",
    "paternal_name": "Cervantes",
    "maternal_name": "Bravo",
    "email": "veronica.cervantes@tec.mx",
    "phone_number": "5534098765",
    "status": "Aprobada",
    "created_at": "2025-04-25T09:00:00.000Z",
    "id_venue": 4
  },
  {
    "name": "Lucía",
    "paternal_name": "Ríos",
    "maternal_name": "Peña",
    "email": "lucia.rios@tec.mx",
    "phone_number": "5540987654",
    "status": "Aprobada",
    "created_at": "2025-04-25T09:00:00.000Z",
    "id_venue": 5
  },
  {
    "name": "Brenda",
    "paternal_name": "Campos",
    "maternal_name": "Soto",
    "email": "brenda.campos@tec.mx",
    "phone_number": "5550987654",
    "status": "Aprobada",
    "created_at": "2025-04-25T09:00:00.000Z",
    "id_venue": 5
  },
  {
    "name": "Carolina",
    "paternal_name": "Luna",
    "maternal_name": "Escobar",
    "email": "carolina.luna@tec.mx",
    "phone_number": "5560987654",
    "status": "Aprobada",
    "created_at": "2025-04-25T09:00:00.000Z",
    "id_venue": 5
  }
]
