[
  {
    "name": "María Fernanda",
    "paternal_name": "García",
    "maternal_name": "López",
    "email": "maria.fernanda.garcia@tec.com.mx",
    "year": "2025",
    "education": "Preparatoria",
    "participation_file": "",
    "participation_file_path": null,
    "preferred_group": 1,
    "status": "Aprobada",
    "id_group": 1,
    "id_tutor": 1,
    "created_at": "2025-03-15T10:23:00.000Z"
  },
  {
    "name": "Ana Sofía",
    "paternal_name": "Martínez",
    "maternal_name": "Ramírez",
    "email": "ana.sofia.martinez@tec.com.mx",
    "year": "2025",
    "education": "Secundaria",
    "participation_file": "",
    "participation_file_path": null,
    "preferred_group": 1,
    "status": "Aprobada",
    "id_group": 1,
    "id_tutor": 2,
    "created_at": "2025-04-10T09:00:00.000Z"
  },
  {
    "name": "Valeria",
    "paternal_name": "Hernández",
    "maternal_name": "Santos",
    "email": "valeria.hernandez@tec.com.mx",
    "year": "2025",
    "education": "Preparatoria",
    "participation_file": "",
    "participation_file_path": null,
    "preferred_group": 1,
    "status": "Aprobada",
    "id_group": 1,
    "id_tutor": 3,
    "created_at": "2025-05-01T13:45:00.000Z"
  },
  {
    "name": "Camila",
    "paternal_name": "Ruiz",
    "maternal_name": "Torres",
    "email": "camila.ruiz@tec.com.mx",
    "year": "2025",
    "education": "Secundaria",
    "participation_file": "",
    "participation_file_path": null,
    "preferred_group": 1,
    "status": "Aprobada",
    "id_group": 1,
    "id_tutor": 4,
    "created_at": "2025-03-28T16:30:00.000Z"
  },
  {
    "name": "Sofía",
    "paternal_name": "Morales",
    "maternal_name": "Castillo",
    "email": "sofia.morales@tec.com.mx",
    "year": "2025",
    "education": "Preparatoria",
    "participation_file": "",
    "participation_file_path": null,
    "preferred_group": 1,
    "status": "Aprobada",
    "id_group": 1,
    "id_tutor": 5,
    "created_at": "2025-04-22T11:10:00.000Z"
  },
  {
    "name": "Regina",
    "paternal_name": "Flores",
    "maternal_name": "Jiménez",
    "email": "regina.flores@tec.com.mx",
    "year": "2025",
    "education": "Secundaria",
    "participation_file": "",
    "participation_file_path": null,
    "preferred_group": 1,
    "status": "Pendiente",
    "id_group": null,
    "id_tutor": 6,
    "created_at": "2025-05-10T08:00:00.000Z"
  },
  {
    "name": "Montserrat",
    "paternal_name": "Vargas",
    "maternal_name": "Cruz",
    "email": "montserrat.vargas@tec.com.mx",
    "year": "2025",
    "education": "Preparatoria",
    "participation_file": "",
    "participation_file_path": null,
    "preferred_group": 1,
    "status": "Pendiente",
    "id_group": null,
    "id_tutor": 7,
    "created_at": "2025-04-18T14:20:00.000Z"
  },
  {
    "name": "Alexa",
    "paternal_name": "López",
    "maternal_name": "Mendoza",
    "email": "alexa.mendoza@tec.com.mx",
    "year": "2025",
    "education": "Secundaria",
    "participation_file": "",
    "participation_file_path": null,
    "preferred_group": 1,
    "status": "Pendiente",
    "id_group": null,
    "id_tutor": 8,
    "created_at": "2025-03-30T12:00:00.000Z"
  },
  {
    "name": "Paola",
    "paternal_name": "Pineda",
    "maternal_name": "Silva",
    "email": "paola.silva@tec.com.mx",
    "year": "2025",
    "education": "Preparatoria",
    "participation_file": "",
    "participation_file_path": null,
    "preferred_group": 1,
    "status": "Pendiente",
    "id_group": null,
    "id_tutor": 9,
    "created_at": "2025-05-05T17:00:00.000Z"
  },
  {
    "name": "Andrea",
    "paternal_name": "Ramos",
    "maternal_name": "Peña",
    "email": "andrea.ramos@tec.com.mx",
    "year": "2025",
    "education": "Secundaria",
    "participation_file": "",
    "participation_file_path": null,
    "preferred_group": 1,
    "status": "Pendiente",
    "id_group": null,
    "id_tutor": 10,
    "created_at": "2025-04-02T15:00:00.000Z"
  },
  {
    "name": "Ximena",
    "paternal_name": "Serrano",
    "maternal_name": "Aguilar",
    "email": "ximena.serrano@tec.com.mx",
    "year": "2025",
    "education": "Preparatoria",
    "participation_file": "",
    "participation_file_path": null,
    "preferred_group": 1,
    "status": "Pendiente",
    "id_group": null,
    "id_tutor": 11,
    "created_at": "2025-03-25T09:30:00.000Z"
  },
  {
    "name": "Danna",
    "paternal_name": "Luna",
    "maternal_name": "Campos",
    "email": "danna.luna@tec.com.mx",
    "year": "2025",
    "education": "Secundaria",
    "participation_file": "",
    "participation_file_path": null,
    "preferred_group": 1,
    "status": "Rechazada",
    "id_group": null,
    "id_tutor": 12,
    "created_at": "2025-04-12T10:00:00.000Z"
  },
  {
    "name": "Renata",
    "paternal_name": "Castro",
    "maternal_name": "Luna",
    "email": "renata.castro@tec.com.mx",
    "year": "2025",
    "education": "Preparatoria",
    "participation_file": "",
    "participation_file_path": null,
    "preferred_group": 1,
    "status": "Cancelada",
    "id_group": null,
    "id_tutor": 13,
    "created_at": "2025-05-03T11:00:00.000Z"
  },
  {
    "name": "Isabella",
    "paternal_name": "Flores",
    "maternal_name": "Salas",
    "email": "isabella.salas@tec.com.mx",
    "year": "2025",
    "education": "Secundaria",
    "participation_file": "",
    "participation_file_path": null,
    "preferred_group": 2,
    "status": "Aprobada",
    "id_group": 2,
    "id_tutor": 6,
    "created_at": "2025-03-20T10:00:00.000Z"
  },
  {
    "name": "Emilia",
    "paternal_name": "Vargas",
    "maternal_name": "Cruz",
    "email": "emilia.gomez@tec.com.mx",
    "year": "2025",
    "education": "Preparatoria",
    "participation_file": "",
    "participation_file_path": null,
    "preferred_group": 2,
    "status": "Aprobada",
    "id_group": 2,
    "id_tutor": 7,
    "created_at": "2025-04-05T09:00:00.000Z"
  },
  {
    "name": "Victoria",
    "paternal_name": "Flores",
    "maternal_name": "Salas",
    "email": "victoria.salas@tec.com.mx",
    "year": "2025",
    "education": "Secundaria",
    "participation_file": "",
    "participation_file_path": null,
    "preferred_group": 2,
    "status": "Aprobada",
    "id_group": 2,
    "id_tutor": 6,
    "created_at": "2025-05-07T13:00:00.000Z"
  },
  {
    "name": "Natalia",
    "paternal_name": "Vargas",
    "maternal_name": "Ramírez",
    "email": "natalia.cortes@tec.com.mx",
    "year": "2025",
    "education": "Preparatoria",
    "participation_file": "",
    "participation_file_path": null,
    "preferred_group": 2,
    "status": "Aprobada",
    "id_group": 2,
    "id_tutor": 7,
    "created_at": "2025-03-29T12:00:00.000Z"
  },
  {
    "name": "Aitana",
    "paternal_name": "López",
    "maternal_name": "Gallardo",
    "email": "aitana.lopez@tec.com.mx",
    "year": "2025",
    "education": "Secundaria",
    "participation_file": "",
    "participation_file_path": null,
    "preferred_group": 2,
    "status": "Aprobada",
    "id_group": 2,
    "id_tutor": 8,
    "created_at": "2025-04-15T14:00:00.000Z"
  },
  {
    "name": "Lucía",
    "paternal_name": "Reyes",
    "maternal_name": "Paredes",
    "email": "lucia.reyes@tec.com.mx",
    "year": "2025",
    "education": "Preparatoria",
    "participation_file": "",
    "participation_file_path": null,
    "preferred_group": 2,
    "status": "Pendiente",
    "id_group": null,
    "id_tutor": 13,
    "created_at": "2025-05-11T10:00:00.000Z"
  },
  {
    "name": "Elena",
    "paternal_name": "Campos",
    "maternal_name": "Solís",
    "email": "elena.campos@tec.com.mx",
    "year": "2025",
    "education": "Secundaria",
    "participation_file": "",
    "participation_file_path": null,
    "preferred_group": 2,
    "status": "Pendiente",
    "id_group": null,
    "id_tutor": 14,
    "created_at": "2025-03-27T09:00:00.000Z"
  },
  {
    "name": "Julieta",
    "paternal_name": "Mora",
    "maternal_name": "Fuentes",
    "email": "julieta.mora@tec.com.mx",
    "year": "2025",
    "education": "Preparatoria",
    "participation_file": "",
    "participation_file_path": null,
    "preferred_group": 2,
    "status": "Pendiente",
    "id_group": null,
    "id_tutor": 15,
    "created_at": "2025-04-08T11:00:00.000Z"
  },
  {
    "name": "Abril",
    "paternal_name": "Vázquez",
    "maternal_name": "Mejía",
    "email": "abril.vazquez@tec.com.mx",
    "year": "2025",
    "education": "Secundaria",
    "participation_file": "",
    "participation_file_path": null,
    "preferred_group": 2,
    "status": "Pendiente",
    "id_group": null,
    "id_tutor": 16,
    "created_at": "2025-05-09T15:00:00.000Z"
  },
  {
    "name": "Mariana",
    "paternal_name": "Herrera",
    "maternal_name": "Lara",
    "email": "mariana.herrera@tec.com.mx",
    "year": "2025",
    "education": "Preparatoria",
    "participation_file": "",
    "participation_file_path": null,
    "preferred_group": 2,
    "status": "Pendiente",
    "id_group": null,
    "id_tutor": 17,
    "created_at": "2025-03-22T13:00:00.000Z"
  },
  {
    "name": "Daniela",
    "paternal_name": "Guerrero",
    "maternal_name": "Escobar",
    "email": "daniela.guerrero@tec.com.mx",
    "year": "2025",
    "education": "Secundaria",
    "participation_file": "",
    "participation_file_path": null,
    "preferred_group": 2,
    "status": "Rechazada",
    "id_group": null,
    "id_tutor": 18,
    "created_at": "2025-04-13T10:00:00.000Z"
  },
  {
    "name": "Sara",
    "paternal_name": "Maldonado",
    "maternal_name": "Padilla",
    "email": "sara.maldonado@tec.com.mx",
    "year": "2025",
    "education": "Preparatoria",
    "participation_file": "",
    "participation_file_path": null,
    "preferred_group": 2,
    "status": "Cancelada",
    "id_group": null,
    "id_tutor": 19,
    "created_at": "2025-05-04T11:00:00.000Z"
  },
  {
    "name": "Zoe",
    "paternal_name": "Vargas",
    "maternal_name": "Ramírez",
    "email": "zoe.salazar@tec.com.mx",
    "year": "2025",
    "education": "Secundaria",
    "participation_file": "",
    "participation_file_path": null,
    "preferred_group": 3,
    "status": "Aprobada",
    "id_group": 3,
    "id_tutor": 7,
    "created_at": "2025-03-18T10:00:00.000Z"
  },
  {
    "name": "Mía",
    "paternal_name": "López",
    "maternal_name": "Gallardo",
    "email": "mia.gallardo@tec.com.mx",
    "year": "2025",
    "education": "Preparatoria",
    "participation_file": "",
    "participation_file_path": null,
    "preferred_group": 3,
    "status": "Aprobada",
    "id_group": 3,
    "id_tutor": 8,
    "created_at": "2025-04-06T09:00:00.000Z"
  },
  {
    "name": "Allison",
    "paternal_name": "Vargas",
    "maternal_name": "Ramírez",
    "email": "allison.rosales@tec.com.mx",
    "year": "2025",
    "education": "Secundaria",
    "participation_file": "",
    "participation_file_path": null,
    "preferred_group": 3,
    "status": "Aprobada",
    "id_group": 3,
    "id_tutor": 7,
    "created_at": "2025-05-08T13:00:00.000Z"
  },
  {
    "name": "Jimena",
    "paternal_name": "López",
    "maternal_name": "Gallardo",
    "email": "jimena.lopez@tec.com.mx",
    "year": "2025",
    "education": "Preparatoria",
    "participation_file": "",
    "participation_file_path": null,
    "preferred_group": 3,
    "status": "Aprobada",
    "id_group": 3,
    "id_tutor": 8,
    "created_at": "2025-03-31T12:00:00.000Z"
  },
  {
    "name": "Marina",
    "paternal_name": "Pineda",
    "maternal_name": "Villanueva",
    "email": "marina.pineda@tec.com.mx",
    "year": "2025",
    "education": "Secundaria",
    "participation_file": "",
    "participation_file_path": null,
    "preferred_group": 3,
    "status": "Aprobada",
    "id_group": 3,
    "id_tutor": 9,
    "created_at": "2025-04-17T14:00:00.000Z"
  },
  {
    "name": "Nicole",
    "paternal_name": "Acosta",
    "maternal_name": "Benítez",
    "email": "nicole.acosta@tec.com.mx",
    "year": "2025",
    "education": "Preparatoria",
    "participation_file": "",
    "participation_file_path": null,
    "preferred_group": 3,
    "status": "Pendiente",
    "id_group": null,
    "id_tutor": 13,
    "created_at": "2025-05-12T10:00:00.000Z"
  },
  {
    "name": "Alexa",
    "paternal_name": "Del Valle",
    "maternal_name": "Bermúdez",
    "email": "alexa.delvalle@tec.com.mx",
    "year": "2025",
    "education": "Secundaria",
    "participation_file": "",
    "participation_file_path": null,
    "preferred_group": 3,
    "status": "Pendiente",
    "id_group": null,
    "id_tutor": 13,
    "created_at": "2025-03-26T09:00:00.000Z"
  },
  {
    "name": "Carla",
    "paternal_name": "Estrada",
    "maternal_name": "Guzmán",
    "email": "carla.estrada@tec.com.mx",
    "year": "2025",
    "education": "Preparatoria",
    "participation_file": "",
    "participation_file_path": null,
    "preferred_group": 3,
    "status": "Pendiente",
    "id_group": null,
    "id_tutor": 14,
    "created_at": "2025-04-09T11:00:00.000Z"
  },
  {
    "name": "Fernanda",
    "paternal_name": "Santos",
    "maternal_name": "Juárez",
    "email": "fernanda.santos@tec.com.mx",
    "year": "2025",
    "education": "Secundaria",
    "participation_file": "",
    "participation_file_path": null,
    "preferred_group": 3,
    "status": "Pendiente",
    "id_group": null,
    "id_tutor": 15,
    "created_at": "2025-05-06T15:00:00.000Z"
  },
  {
    "name": "Ivanna",
    "paternal_name": "Peña",
    "maternal_name": "Castañeda",
    "email": "ivanna.pena@tec.com.mx",
    "year": "2025",
    "education": "Preparatoria",
    "participation_file": "",
    "participation_file_path": null,
    "preferred_group": 3,
    "status": "Pendiente",
    "id_group": null,
    "id_tutor": 15,
    "created_at": "2025-03-23T13:00:00.000Z"
  },
  {
    "name": "Nataly",
    "paternal_name": "Gutiérrez",
    "maternal_name": "Palacios",
    "email": "nataly.gutierrez@tec.com.mx",
    "year": "2025",
    "education": "Secundaria",
    "participation_file": "",
    "participation_file_path": null,
    "preferred_group": 3,
    "status": "Rechazada",
    "id_group": null,
    "id_tutor": 16,
    "created_at": "2025-04-14T10:00:00.000Z"
  },
  {
    "name": "Arantxa",
    "paternal_name": "Luna",
    "maternal_name": "Barrera",
    "email": "arantxa.luna@tec.com.mx",
    "year": "2025",
    "education": "Preparatoria",
    "participation_file": "",
    "participation_file_path": null,
    "preferred_group": 3,
    "status": "Cancelada",
    "id_group": null,
    "id_tutor": 17,
    "created_at": "2025-05-02T11:00:00.000Z"
  },
  {
    "name": "María José",
    "paternal_name": "Ramos",
    "maternal_name": "Lara",
    "email": "maria.jose.ramos@tec.com.mx",
    "year": "2025",
    "education": "Preparatoria",
    "participation_file": "",
    "participation_file_path": null,
    "preferred_group": 4,
    "status": "Aprobada",
    "id_group": 4,
    "id_tutor": 10,
    "created_at": "2025-03-12T10:00:00.000Z"
  },
  {
    "name": "Camila",
    "paternal_name": "Serrano",
    "maternal_name": "Vega",
    "email": "camila.serrano@tec.com.mx",
    "year": "2025",
    "education": "Secundaria",
    "participation_file": "",
    "participation_file_path": null,
    "preferred_group": 4,
    "status": "Aprobada",
    "id_group": 4,
    "id_tutor": 11,
    "created_at": "2025-04-08T09:00:00.000Z"
  },
  {
    "name": "Valentina",
    "paternal_name": "Ramos",
    "maternal_name": "Peña",
    "email": "valentina.ramos@tec.com.mx",
    "year": "2025",
    "education": "Preparatoria",
    "participation_file": "",
    "participation_file_path": null,
    "preferred_group": 4,
    "status": "Aprobada",
    "id_group": 4,
    "id_tutor": 10,
    "created_at": "2025-05-01T13:45:00.000Z"
  },
  {
    "name": "Andrea",
    "paternal_name": "Guerrero",
    "maternal_name": "Escobar",
    "email": "andrea.guerrero@tec.com.mx",
    "year": "2025",
    "education": "Secundaria",
    "participation_file": "",
    "participation_file_path": null,
    "preferred_group": 4,
    "status": "Pendiente",
    "id_group": null,
    "id_tutor": 18,
    "created_at": "2025-04-18T14:20:00.000Z"
  },
  {
    "name": "Fernanda",
    "paternal_name": "Ortega",
    "maternal_name": "Silva",
    "email": "fernanda.ortega@tec.com.mx",
    "year": "2025",
    "education": "Preparatoria",
    "participation_file": "",
    "participation_file_path": null,
    "preferred_group": 4,
    "status": "Pendiente",
    "id_group": null,
    "id_tutor": 20,
    "created_at": "2025-05-05T17:00:00.000Z"
  },
  {
    "name": "Alexa",
    "paternal_name": "Peña",
    "maternal_name": "Campos",
    "email": "alexa.pena@tec.com.mx",
    "year": "2025",
    "education": "Secundaria",
    "participation_file": "",
    "participation_file_path": null,
    "preferred_group": 4,
    "status": "Pendiente",
    "id_group": null,
    "id_tutor": 13,
    "created_at": "2025-03-30T12:00:00.000Z"
  },
  {
    "name": "Montserrat",
    "paternal_name": "Ríos",
    "maternal_name": "Juárez",
    "email": "montserrat.rios@tec.com.mx",
    "year": "2025",
    "education": "Preparatoria",
    "participation_file": "",
    "participation_file_path": null,
    "preferred_group": 4,
    "status": "Rechazada",
    "id_group": null,
    "id_tutor": 13,
    "created_at": "2025-04-12T10:00:00.000Z"
  },
  {
    "name": "Regina",
    "paternal_name": "Serrano",
    "maternal_name": "Aguilar",
    "email": "regina.serrano@tec.com.mx",
    "year": "2025",
    "education": "Secundaria",
    "participation_file": "",
    "participation_file_path": null,
    "preferred_group": 4,
    "status": "Cancelada",
    "id_group": null,
    "id_tutor": 14,
    "created_at": "2025-05-03T11:00:00.000Z"
  },
  {
    "name": "Sofía",
    "paternal_name": "Luna",
    "maternal_name": "Bravo",
    "email": "sofia.luna@tec.com.mx",
    "year": "2025",
    "education": "Preparatoria",
    "participation_file": "",
    "participation_file_path": null,
    "preferred_group": 5,
    "status": "Aprobada",
    "id_group": 5,
    "id_tutor": 12,
    "created_at": "2025-03-20T10:00:00.000Z"
  },
  {
    "name": "Isabella",
    "paternal_name": "Reyes",
    "maternal_name": "Delgado",
    "email": "isabella.reyes@tec.com.mx",
    "year": "2025",
    "education": "Secundaria",
    "participation_file": "",
    "participation_file_path": null,
    "preferred_group": 5,
    "status": "Aprobada",
    "id_group": 5,
    "id_tutor": 13,
    "created_at": "2025-04-05T09:00:00.000Z"
  },
  {
    "name": "Emilia",
    "paternal_name": "Luna",
    "maternal_name": "Molina",
    "email": "emilia.luna@tec.com.mx",
    "year": "2025",
    "education": "Secundaria",
    "participation_file": "",
    "participation_file_path": null,
    "preferred_group": 5,
    "status": "Aprobada",
    "id_group": 5,
    "id_tutor": 12,
    "created_at": "2025-05-07T13:00:00.000Z"
  },
  {
    "name": "Victoria",
    "paternal_name": "Rojas",
    "maternal_name": "Mejía",
    "email": "victoria.rojas@tec.com.mx",
    "year": "2025",
    "education": "Secundaria",
    "participation_file": "",
    "participation_file_path": null,
    "preferred_group": 5,
    "status": "Aprobada",
    "id_group": 5,
    "id_tutor": 14,
    "created_at": "2025-03-29T12:00:00.000Z"
  },
  {
    "name": "Julieta",
    "paternal_name": "Herrera",
    "maternal_name": "Solís",
    "email": "julieta.herrera@tec.com.mx",
    "year": "2025",
    "education": "Secundaria",
    "participation_file": "",
    "participation_file_path": null,
    "preferred_group": 5,
    "status": "Aprobada",
    "id_group": 5,
    "id_tutor": 13,
    "created_at": "2025-04-15T14:00:00.000Z"
  },
  {
    "name": "Elena",
    "paternal_name": "Mora",
    "maternal_name": "Fuentes",
    "email": "elena.mora@tec.com.mx",
    "year": "2025",
    "education": "Secundaria",
    "participation_file": "",
    "participation_file_path": null,
    "preferred_group": 5,
    "status": "Pendiente",
    "id_group": null,
    "id_tutor": 14,
    "created_at": "2025-03-27T09:00:00.000Z"
  },
  {
    "name": "Abril",
    "paternal_name": "Campos",
    "maternal_name": "Salas",
    "email": "abril.campos@tec.com.mx",
    "year": "2025",
    "education": "Secundaria",
    "participation_file": "",
    "participation_file_path": null,
    "preferred_group": 5,
    "status": "Pendiente",
    "id_group": null,
    "id_tutor": 15,
    "created_at": "2025-03-22T13:00:00.000Z"
  },
  {
    "name": "Daniela",
    "paternal_name": "Guerrero",
    "maternal_name": "Escobar",
    "email": "daniela.guerrero.gdl@tec.com.mx",
    "year": "2025",
    "education": "Preparatoria",
    "participation_file": "",
    "participation_file_path": null,
    "preferred_group": 5,
    "status": "Pendiente",
    "id_group": null,
    "id_tutor": 18,
    "created_at": "2025-04-08T11:00:00.000Z"
  },
  {
    "name": "Sara",
    "paternal_name": "Maldonado",
    "maternal_name": "Padilla",
    "email": "sara.maldonado.gdl@tec.com.mx",
    "year": "2025",
    "education": "Secundaria",
    "participation_file": "",
    "participation_file_path": null,
    "preferred_group": 5,
    "status": "Pendiente",
    "id_group": null,
    "id_tutor": 21,
    "created_at": "2025-05-06T15:00:00.000Z"
  },
  {
    "name": "Natalia",
    "paternal_name": "Salazar",
    "maternal_name": "Miranda",
    "email": "natalia.salazar.qro@tec.com.mx",
    "year": "2025",
    "education": "Secundaria",
    "participation_file": "",
    "participation_file_path": null,
    "preferred_group": 6,
    "status": "Aprobada",
    "id_group": 6,
    "id_tutor": 15,
    "created_at": "2025-03-18T10:00:00.000Z"
  },
  {
    "name": "Jimena",
    "paternal_name": "Rosales",
    "maternal_name": "Valdez",
    "email": "jimena.rosales.qro@tec.com.mx",
    "year": "2025",
    "education": "Secundaria",
    "participation_file": "",
    "participation_file_path": null,
    "preferred_group": 6,
    "status": "Aprobada",
    "id_group": 6,
    "id_tutor": 16,
    "created_at": "2025-04-06T09:00:00.000Z"
  },
  {
    "name": "Marina",
    "paternal_name": "López",
    "maternal_name": "Gallardo",
    "email": "marina.lopez.qro@tec.com.mx",
    "year": "2025",
    "education": "Preparatoria",
    "participation_file": "",
    "participation_file_path": null,
    "preferred_group": 6,
    "status": "Aprobada",
    "id_group": 6,
    "id_tutor": 15,
    "created_at": "2025-05-08T13:00:00.000Z"
  },
  {
    "name": "Nicole",
    "paternal_name": "Estrada",
    "maternal_name": "Guzmán",
    "email": "nicole.estrada.qro@tec.com.mx",
    "year": "2025",
    "education": "Secundaria",
    "participation_file": "",
    "participation_file_path": null,
    "preferred_group": 6,
    "status": "Aprobada",
    "id_group": 6,
    "id_tutor": 16,
    "created_at": "2025-03-31T12:00:00.000Z"
  },
  {
    "name": "Carla",
    "paternal_name": "Santos",
    "maternal_name": "Juárez",
    "email": "carla.santos.qro@tec.com.mx",
    "year": "2025",
    "education": "Preparatoria",
    "participation_file": "",
    "participation_file_path": null,
    "preferred_group": 6,
    "status": "Aprobada",
    "id_group": 6,
    "id_tutor": 17,
    "created_at": "2025-04-17T14:00:00.000Z"
  },
  {
    "name": "Ivanna",
    "paternal_name": "Peña",
    "maternal_name": "Castañeda",
    "email": "ivanna.pena.gdl@tec.com.mx",
    "year": "2025",
    "education": "Secundaria",
    "participation_file": "",
    "participation_file_path": null,
    "preferred_group": 6,
    "status": "Aprobada",
    "id_group": 6,
    "id_tutor": 17,
    "created_at": "2025-05-12T10:00:00.000Z"
  },
  {
    "name": "Nataly",
    "paternal_name": "Del Valle",
    "maternal_name": "Bermúdez",
    "email": "nataly.delvalle.qro@tec.com.mx",
    "year": "2025",
    "education": "Preparatoria",
    "participation_file": "",
    "participation_file_path": null,
    "preferred_group": 6,
    "status": "Aprobada",
    "id_group": 6,
    "id_tutor": 16,
    "created_at": "2025-04-09T11:00:00.000Z"
  },
  {
    "name": "Arantxa",
    "paternal_name": "Gutiérrez",
    "maternal_name": "Palacios",
    "email": "arantxa.gutierrez.qro@tec.com.mx",
    "year": "2025",
    "education": "Secundaria",
    "participation_file": "",
    "participation_file_path": null,
    "preferred_group": 6,
    "status": "Aprobada",
    "id_group": 6,
    "id_tutor": 17,
    "created_at": "2025-04-09T11:00:00.000Z"
  },
  {
    "name": "Ximena",
    "paternal_name": "Luna",
    "maternal_name": "Barrera",
    "email": "ximena.luna.qro@tec.com.mx",
    "year": "2025",
    "education": "Preparatoria",
    "participation_file": "",
    "participation_file_path": null,
    "preferred_group": 6,
    "status": "Aprobada",
    "id_group": 6,
    "id_tutor": 17,
    "created_at": "2025-05-06T15:00:00.000Z"
  },
  {
    "name": "Danna",
    "paternal_name": "Pérez",
    "maternal_name": "Campos",
    "email": "danna.perez.gdl@tec.com.mx",
    "year": "2025",
    "education": "Secundaria",
    "participation_file": "",
    "participation_file_path": null,
    "preferred_group": 6,
    "status": "Aprobada",
    "id_group": 6,
    "id_tutor": 15,
    "created_at": "2025-03-23T13:00:00.000Z"
  },
  {
    "name": "Mariana",
    "paternal_name": "Herrera",
    "maternal_name": "Lara",
    "email": "mariana.herrera.gdl@tec.com.mx",
    "year": "2025",
    "education": "Preparatoria",
    "participation_file": "",
    "participation_file_path": null,
    "preferred_group": 6,
    "status": "Aprobada",
    "id_group": 6,
    "id_tutor": 16,
    "created_at": "2025-04-14T10:00:00.000Z"
  },
  {
    "name": "Allison",
    "paternal_name": "Mendoza",
    "maternal_name": "Navarro",
    "email": "allison.mendoza@tec.com.mx",
    "year": "2025",
    "education": "Secundaria",
    "participation_file": "",
    "participation_file_path": null,
    "preferred_group": 6,
    "status": "Aprobada",
    "id_group": 6,
    "id_tutor": 17,
    "created_at": "2025-05-11T10:00:00.000Z"
  },
  {
    "name": "Aitana",
    "paternal_name": "Flores",
    "maternal_name": "Jiménez",
    "email": "aitana.flores@tec.com.mx",
    "year": "2025",
    "education": "Preparatoria",
    "participation_file": "",
    "participation_file_path": null,
    "preferred_group": 6,
    "status": "Aprobada",
    "id_group": 6,
    "id_tutor": 15,
    "created_at": "2025-03-25T09:30:00.000Z"
  },
  {
    "name": "Renata",
    "paternal_name": "Guerrero",
    "maternal_name": "Escobar",
    "email": "renata.guerrero.gdl@tec.com.mx",
    "year": "2025",
    "education": "Secundaria",
    "participation_file": "",
    "participation_file_path": null,
    "preferred_group": 6,
    "status": "Pendiente",
    "id_group": null,
    "id_tutor": 18,
    "created_at": "2025-04-02T15:00:00.000Z"
  },
  {
    "name": "Zoe",
    "paternal_name": "Soto",
    "maternal_name": "Delgado",
    "email": "zoe.soto@tec.com.mx",
    "year": "2025",
    "education": "Preparatoria",
    "participation_file": "",
    "participation_file_path": null,
    "preferred_group": 6,
    "status": "Pendiente",
    "id_group": null,
    "id_tutor": 22,
    "created_at": "2025-05-10T08:00:00.000Z"
  },
  {
    "name": "Julieta",
    "paternal_name": "Mora",
    "maternal_name": "Fuentes",
    "email": "julieta.mora.gdl@tec.com.mx",
    "year": "2025",
    "education": "Secundaria",
    "participation_file": "",
    "participation_file_path": null,
    "preferred_group": 6,
    "status": "Pendiente",
    "id_group": null,
    "id_tutor": 15,
    "created_at": "2025-04-18T14:20:00.000Z"
  },
  {
    "name": "Alexa",
    "paternal_name": "Mendoza",
    "maternal_name": "Navarro",
    "email": "alexa.mendoza.gdl@tec.com.mx",
    "year": "2025",
    "education": "Preparatoria",
    "participation_file": "",
    "participation_file_path": null,
    "preferred_group": 6,
    "status": "Pendiente",
    "id_group": null,
    "id_tutor": 23,
    "created_at": "2025-03-30T12:00:00.000Z"
  },
  {
    "name": "Fernanda",
    "paternal_name": "Ortega",
    "maternal_name": "Silva",
    "email": "fernanda.ortega.gdl@tec.com.mx",
    "year": "2025",
    "education": "Secundaria",
    "participation_file": "",
    "participation_file_path": null,
    "preferred_group": 6,
    "status": "Pendiente",
    "id_group": null,
    "id_tutor": 24,
    "created_at": "2025-05-05T17:00:00.000Z"
  },
  {
    "name": "Diana",
    "paternal_name": "Pérez",
    "maternal_name": "Campos",
    "email": "diana.perez@tec.com.mx",
    "year": "2025",
    "education": "Preparatoria",
    "participation_file": "",
    "participation_file_path": null,
    "preferred_group": 6,
    "status": "Rechazada",
    "id_group": null,
    "id_tutor": 25,
    "created_at": "2025-04-12T10:00:00.000Z"
  },
  {
    "name": "Regina",
    "paternal_name": "Flores",
    "maternal_name": "Jiménez",
    "email": "regina.flores.gdl@tec.com.mx",
    "year": "2025",
    "education": "Secundaria",
    "participation_file": "",
    "participation_file_path": null,
    "preferred_group": 6,
    "status": "Cancelada",
    "id_group": null,
    "id_tutor": 14,
    "created_at": "2025-05-03T11:00:00.000Z"
  },
  {
    "name": "María Fernanda",
    "paternal_name": "Sánchez",
    "maternal_name": "Gómez",
    "email": "maria.fernanda.sanchez@tec.com.mx",
    "year": "2025",
    "education": "Preparatoria",
    "participation_file": "",
    "participation_file_path": null,
    "preferred_group": 7,
    "status": "Aprobada",
    "id_group": 7,
    "id_tutor": 31,
    "created_at": "2025-03-15T10:23:00.000Z"
  },
  {
    "name": "Ana Sofía",
    "paternal_name": "Martínez",
    "maternal_name": "Ramírez",
    "email": "ana.sofia.martinez.qro@tec.com.mx",
    "year": "2025",
    "education": "Secundaria",
    "participation_file": "",
    "participation_file_path": null,
    "preferred_group": 7,
    "status": "Aprobada",
    "id_group": 7,
    "id_tutor": 32,
    "created_at": "2025-04-10T09:00:00.000Z"
  },
  {
    "name": "Valeria",
    "paternal_name": "Hernández",
    "maternal_name": "Santos",
    "email": "valeria.hernandez.qro@tec.com.mx",
    "year": "2025",
    "education": "Preparatoria",
    "participation_file": "",
    "participation_file_path": null,
    "preferred_group": 7,
    "status": "Aprobada",
    "id_group": 7,
    "id_tutor": 31,
    "created_at": "2025-05-01T13:45:00.000Z"
  },
  {
    "name": "Camila",
    "paternal_name": "Ruiz",
    "maternal_name": "Torres",
    "email": "camila.ruiz.qro@tec.com.mx",
    "year": "2025",
    "education": "Secundaria",
    "participation_file": "",
    "participation_file_path": null,
    "preferred_group": 7,
    "status": "Aprobada",
    "id_group": 7,
    "id_tutor": 33,
    "created_at": "2025-03-28T16:30:00.000Z"
  },
  {
    "name": "Sofía",
    "paternal_name": "Morales",
    "maternal_name": "Castillo",
    "email": "sofia.morales.qro@tec.com.mx",
    "year": "2025",
    "education": "Secundaria",
    "participation_file": "",
    "participation_file_path": null,
    "preferred_group": 7,
    "status": "Aprobada",
    "id_group": 7,
    "id_tutor": 32,
    "created_at": "2025-04-22T11:10:00.000Z"
  },
  {
    "name": "Regina",
    "paternal_name": "Flores",
    "maternal_name": "Jiménez",
    "email": "regina.flores.qro@tec.com.mx",
    "year": "2025",
    "education": "Secundaria",
    "participation_file": "",
    "participation_file_path": null,
    "preferred_group": 7,
    "status": "Pendiente",
    "id_group": null,
    "id_tutor": 26,
    "created_at": "2025-05-10T08:00:00.000Z"
  },
  {
    "name": "Montserrat",
    "paternal_name": "Vargas",
    "maternal_name": "Cruz",
    "email": "montserrat.vargas.qro@tec.com.mx",
    "year": "2025",
    "education": "Preparatoria",
    "participation_file": "",
    "participation_file_path": null,
    "preferred_group": 7,
    "status": "Pendiente",
    "id_group": null,
    "id_tutor": 27,
    "created_at": "2025-04-18T14:20:00.000Z"
  },
  {
    "name": "Alexa",
    "paternal_name": "Mendoza",
    "maternal_name": "Navarro",
    "email": "alexa.mendoza.qro@tec.com.mx",
    "year": "2025",
    "education": "Secundaria",
    "participation_file": "",
    "participation_file_path": null,
    "preferred_group": 7,
    "status": "Pendiente",
    "id_group": null,
    "id_tutor": 28,
    "created_at": "2025-03-30T12:00:00.000Z"
  },
  {
    "name": "Paola",
    "paternal_name": "Ortega",
    "maternal_name": "Silva",
    "email": "paola.ortega.qro@tec.com.mx",
    "year": "2025",
    "education": "Preparatoria",
    "participation_file": "",
    "participation_file_path": null,
    "preferred_group": 7,
    "status": "Pendiente",
    "id_group": null,
    "id_tutor": 29,
    "created_at": "2025-05-05T17:00:00.000Z"
  },
  {
    "name": "Andrea",
    "paternal_name": "Ramos",
    "maternal_name": "Peña",
    "email": "andrea.ramos.qro@tec.com.mx",
    "year": "2025",
    "education": "Secundaria",
    "participation_file": "",
    "participation_file_path": null,
    "preferred_group": 7,
    "status": "Pendiente",
    "id_group": null,
    "id_tutor": 19,
    "created_at": "2025-04-02T15:00:00.000Z"
  },
  {
    "name": "Ximena",
    "paternal_name": "Serrano",
    "maternal_name": "Aguilar",
    "email": "ximena.serrano.qro@tec.com.mx",
    "year": "2025",
    "education": "Preparatoria",
    "participation_file": "",
    "participation_file_path": null,
    "preferred_group": 7,
    "status": "Pendiente",
    "id_group": null,
    "id_tutor": 19,
    "created_at": "2025-03-25T09:30:00.000Z"
  },
  {
    "name": "Danna",
    "paternal_name": "Pérez",
    "maternal_name": "Campos",
    "email": "danna.perez.qro@tec.com.mx",
    "year": "2025",
    "education": "Secundaria",
    "participation_file": "",
    "participation_file_path": null,
    "preferred_group": 7,
    "status": "Rechazada",
    "id_group": null,
    "id_tutor": 19,
    "created_at": "2025-04-12T10:00:00.000Z"
  },
  {
    "name": "Renata",
    "paternal_name": "Castro",
    "maternal_name": "Luna",
    "email": "renata.castro.qro@tec.com.mx",
    "year": "2025",
    "education": "Preparatoria",
    "participation_file": "",
    "participation_file_path": null,
    "preferred_group": 7,
    "status": "Cancelada",
    "id_group": null,
    "id_tutor": 14,
    "created_at": "2025-05-03T11:00:00.000Z"
  },
  {
    "name": "Isabella",
    "paternal_name": "Domínguez",
    "maternal_name": "Salas",
    "email": "isabella.dominguez.qro@tec.com.mx",
    "year": "2025",
    "education": "Secundaria",
    "participation_file": "",
    "participation_file_path": null,
    "preferred_group": 8,
    "status": "Aprobada",
    "id_group": 8,
    "id_tutor": 34,
    "created_at": "2025-03-20T10:00:00.000Z"
  },
  {
    "name": "Emilia",
    "paternal_name": "Gómez",
    "maternal_name": "Vega",
    "email": "emilia.gomez.qro@tec.com.mx",
    "year": "2025",
    "education": "Preparatoria",
    "participation_file": "",
    "participation_file_path": null,
    "preferred_group": 8,
    "status": "Aprobada",
    "id_group": 8,
    "id_tutor": 35,
    "created_at": "2025-04-05T09:00:00.000Z"
  },
  {
    "name": "Victoria",
    "paternal_name": "Soto",
    "maternal_name": "Delgado",
    "email": "victoria.soto.qro@tec.com.mx",
    "year": "2025",
    "education": "Secundaria",
    "participation_file": "",
    "participation_file_path": null,
    "preferred_group": 8,
    "status": "Aprobada",
    "id_group": 8,
    "id_tutor": 34,
    "created_at": "2025-05-07T13:00:00.000Z"
  },
  {
    "name": "Natalia",
    "paternal_name": "Cortés",
    "maternal_name": "Bravo",
    "email": "natalia.cortes.qro@tec.com.mx",
    "year": "2025",
    "education": "Preparatoria",
    "participation_file": "",
    "participation_file_path": null,
    "preferred_group": 8,
    "status": "Aprobada",
    "id_group": 8,
    "id_tutor": 35,
    "created_at": "2025-03-29T12:00:00.000Z"
  },
  {
    "name": "Aitana",
    "paternal_name": "Rojas",
    "maternal_name": "Molina",
    "email": "aitana.rojas.qro@tec.com.mx",
    "year": "2025",
    "education": "Secundaria",
    "participation_file": "",
    "participation_file_path": null,
    "preferred_group": 8,
    "status": "Aprobada",
    "id_group": 8,
    "id_tutor": 36,
    "created_at": "2025-04-15T14:00:00.000Z"
  },
  {
    "name": "Lucía",
    "paternal_name": "Reyes",
    "maternal_name": "Paredes",
    "email": "lucia.reyes.qro@tec.com.mx",
    "year": "2025",
    "education": "Secundaria",
    "participation_file": "",
    "participation_file_path": null,
    "preferred_group": 8,
    "status": "Pendiente",
    "id_group": null,
    "id_tutor": 37,
    "created_at": "2025-05-11T10:00:00.000Z"
  },
  {
    "name": "Elena",
    "paternal_name": "Campos",
    "maternal_name": "Solís",
    "email": "elena.campos.qro@tec.com.mx",
    "year": "2025",
    "education": "Secundaria",
    "participation_file": "",
    "participation_file_path": null,
    "preferred_group": 8,
    "status": "Pendiente",
    "id_group": null,
    "id_tutor": 38,
    "created_at": "2025-03-27T09:00:00.000Z"
  },
  {
    "name": "Julieta",
    "paternal_name": "Mora",
    "maternal_name": "Fuentes",
    "email": "julieta.mora.qro@tec.com.mx",
    "year": "2025",
    "education": "Secundaria",
    "participation_file": "",
    "participation_file_path": null,
    "preferred_group": 8,
    "status": "Pendiente",
    "id_group": null,
    "id_tutor": 39,
    "created_at": "2025-04-08T11:00:00.000Z"
  },
  {
    "name": "Abril",
    "paternal_name": "Vázquez",
    "maternal_name": "Mejía",
    "email": "abril.vazquez.qro@tec.com.mx",
    "year": "2025",
    "education": "Secundaria",
    "participation_file": "",
    "participation_file_path": null,
    "preferred_group": 8,
    "status": "Pendiente",
    "id_group": null,
    "id_tutor": 40,
    "created_at": "2025-05-09T15:00:00.000Z"
  },
  {
    "name": "Mariana",
    "paternal_name": "Herrera",
    "maternal_name": "Lara",
    "email": "mariana.herrera.qro@tec.com.mx",
    "year": "2025",
    "education": "Preparatoria",
    "participation_file": "",
    "participation_file_path": null,
    "preferred_group": 8,
    "status": "Pendiente",
    "id_group": null,
    "id_tutor": 40,
    "created_at": "2025-03-22T13:00:00.000Z"
  },
  {
    "name": "Daniela",
    "paternal_name": "Guerrero",
    "maternal_name": "Escobar",
    "email": "daniela.guerrero.qro@tec.com.mx",
    "year": "2025",
    "education": "Secundaria",
    "participation_file": "",
    "participation_file_path": null,
    "preferred_group": 8,
    "status": "Pendiente",
    "id_group": null,
    "id_tutor": 40,
    "created_at": "2025-04-08T11:00:00.000Z"
  },
  {
    "name": "Sara",
    "paternal_name": "Maldonado",
    "maternal_name": "Padilla",
    "email": "sara.maldonado.qro@tec.com.mx",
    "year": "2025",
    "education": "Secundaria",
    "participation_file": "",
    "participation_file_path": null,
    "preferred_group": 8,
    "status": "Pendiente",
    "id_group": null,
    "id_tutor": 40,
    "created_at": "2025-05-06T15:00:00.000Z"
  },
  {
    "name": "Florencia",
    "paternal_name": "Rojas",
    "maternal_name": "Vega",
    "email": "florencia.rojas.qro@tec.com.mx",
    "year": "2025",
    "education": "Secundaria",
    "participation_file": "",
    "participation_file_path": null,
    "preferred_group": 9,
    "status": "Aprobada",
    "id_group": 9,
    "id_tutor": 37,
    "created_at": "2025-03-18T10:00:00.000Z"
  },
  {
    "name": "Mía",
    "paternal_name": "Cabrera",
    "maternal_name": "Escamilla",
    "email": "mia.cabrera.qro@tec.com.mx",
    "year": "2025",
    "education": "Preparatoria",
    "participation_file": "",
    "participation_file_path": null,
    "preferred_group": 9,
    "status": "Aprobada",
    "id_group": 9,
    "id_tutor": 38,
    "created_at": "2025-04-06T09:00:00.000Z"
  },
  {
    "name": "Allison",
    "paternal_name": "Rosales",
    "maternal_name": "Valdez",
    "email": "allison.rosales.qro@tec.com.mx",
    "year": "2025",
    "education": "Secundaria",
    "participation_file": "",
    "participation_file_path": null,
    "preferred_group": 9,
    "status": "Aprobada",
    "id_group": 9,
    "id_tutor": 37,
    "created_at": "2025-05-08T13:00:00.000Z"
  },
  {
    "name": "Jimena",
    "paternal_name": "López",
    "maternal_name": "Gallardo",
    "email": "jimena.lopez.qro@tec.com.mx",
    "year": "2025",
    "education": "Preparatoria",
    "participation_file": "",
    "participation_file_path": null,
    "preferred_group": 9,
    "status": "Aprobada",
    "id_group": 9,
    "id_tutor": 38,
    "created_at": "2025-03-31T12:00:00.000Z"
  },
  {
    "name": "Marina",
    "paternal_name": "Pineda",
    "maternal_name": "Villanueva",
    "email": "marina.pineda.qro@tec.com.mx",
    "year": "2025",
    "education": "Secundaria",
    "participation_file": "",
    "participation_file_path": null,
    "preferred_group": 9,
    "status": "Aprobada",
    "id_group": 9,
    "id_tutor": 39,
    "created_at": "2025-04-17T14:00:00.000Z"
  },
  {
    "name": "Nicole",
    "paternal_name": "Acosta",
    "maternal_name": "Benítez",
    "email": "nicole.acosta.qro@tec.com.mx",
    "year": "2025",
    "education": "Preparatoria",
    "participation_file": "",
    "participation_file_path": null,
    "preferred_group": 9,
    "status": "Pendiente",
    "id_group": null,
    "id_tutor": 39,
    "created_at": "2025-05-12T10:00:00.000Z"
  },
  {
    "name": "Alexa",
    "paternal_name": "Del Valle",
    "maternal_name": "Bermúdez",
    "email": "alexa.delvalle.qro@tec.com.mx",
    "year": "2025",
    "education": "Secundaria",
    "participation_file": "",
    "participation_file_path": null,
    "preferred_group": 9,
    "status": "Pendiente",
    "id_group": null,
    "id_tutor": 39,
    "created_at": "2025-03-26T09:00:00.000Z"
  },
  {
    "name": "Carla",
    "paternal_name": "Estrada",
    "maternal_name": "Guzmán",
    "email": "carla.estrada.qro@tec.com.mx",
    "year": "2025",
    "education": "Preparatoria",
    "participation_file": "",
    "participation_file_path": null,
    "preferred_group": 9,
    "status": "Pendiente",
    "id_group": null,
    "id_tutor": 40,
    "created_at": "2025-04-09T11:00:00.000Z"
  },
  {
    "name": "Fernanda",
    "paternal_name": "Santos",
    "maternal_name": "Juárez",
    "email": "fernanda.santos.qro@tec.com.mx",
    "year": "2025",
    "education": "Secundaria",
    "participation_file": "",
    "participation_file_path": null,
    "preferred_group": 9,
    "status": "Pendiente",
    "id_group": null,
    "id_tutor": 40,
    "created_at": "2025-05-06T15:00:00.000Z"
  },
  {
    "name": "Ivanna",
    "paternal_name": "Peña",
    "maternal_name": "Castañeda",
    "email": "ivanna.pena.qro@tec.com.mx",
    "year": "2025",
    "education": "Preparatoria",
    "participation_file": "",
    "participation_file_path": null,
    "preferred_group": 9,
    "status": "Pendiente",
    "id_group": null,
    "id_tutor": 40,
    "created_at": "2025-03-23T13:00:00.000Z"
  },
  {
    "name": "Nataly",
    "paternal_name": "Gutiérrez",
    "maternal_name": "Palacios",
    "email": "nataly.gutierrez.qro@tec.com.mx",
    "year": "2025",
    "education": "Secundaria",
    "participation_file": "",
    "participation_file_path": null,
    "preferred_group": 9,
    "status": "Rechazada",
    "id_group": null,
    "id_tutor": 40,
    "created_at": "2025-04-14T10:00:00.000Z"
  },
  {
    "name": "Arantxa",
    "paternal_name": "Luna",
    "maternal_name": "Barrera",
    "email": "arantxa.luna.qro@tec.com.mx",
    "year": "2025",
    "education": "Preparatoria",
    "participation_file": "",
    "participation_file_path": null,
    "preferred_group": 9,
    "status": "Cancelada",
    "id_group": null,
    "id_tutor": 40,
    "created_at": "2025-05-02T11:00:00.000Z"
  },
  {
    "name": "Josefa",
    "paternal_name": "Muñoz",
    "maternal_name": "Rojas",
    "email": "josefa.munoz@uc.cl",
    "year": "2025",
    "education": "Preparatoria",
    "participation_file": "",
    "participation_file_path": null,
    "preferred_group": 10,
    "status": "Aprobada",
    "id_group": 10,
    "id_tutor": 40,
    "created_at": "2025-03-15T10:23:00.000Z"
  },
  {
    "name": "Antonia",
    "paternal_name": "González",
    "maternal_name": "Pérez",
    "email": "antonia.gonzalez@uc.cl",
    "year": "2025",
    "education": "Secundaria",
    "participation_file": "",
    "participation_file_path": null,
    "preferred_group": 10,
    "status": "Aprobada",
    "id_group": 10,
    "id_tutor": 41,
    "created_at": "2025-04-10T09:00:00.000Z"
  },
  {
    "name": "Florencia",
    "paternal_name": "Silva",
    "maternal_name": "Castro",
    "email": "florencia.silva@uc.cl",
    "year": "2025",
    "education": "Preparatoria",
    "participation_file": "",
    "participation_file_path": null,
    "preferred_group": 10,
    "status": "Aprobada",
    "id_group": 10,
    "id_tutor": 40,
    "created_at": "2025-05-01T13:45:00.000Z"
  },
  {
    "name": "Martina",
    "paternal_name": "Reyes",
    "maternal_name": "Morales",
    "email": "martina.reyes@uc.cl",
    "year": "2025",
    "education": "Secundaria",
    "participation_file": "",
    "participation_file_path": null,
    "preferred_group": 10,
    "status": "Aprobada",
    "id_group": 10,
    "id_tutor": 42,
    "created_at": "2025-03-28T16:30:00.000Z"
  },
  {
    "name": "Emilia",
    "paternal_name": "Vega",
    "maternal_name": "Fernández",
    "email": "emilia.vega@uc.cl",
    "year": "2025",
    "education": "Preparatoria",
    "participation_file": "",
    "participation_file_path": null,
    "preferred_group": 10,
    "status": "Aprobada",
    "id_group": 10,
    "id_tutor": 41,
    "created_at": "2025-04-22T11:10:00.000Z"
  },
  {
    "name": "Isidora",
    "paternal_name": "Díaz",
    "maternal_name": "Navarro",
    "email": "isidora.diaz@uc.cl",
    "year": "2025",
    "education": "Secundaria",
    "participation_file": "",
    "participation_file_path": null,
    "preferred_group": 10,
    "status": "Pendiente",
    "id_group": null,
    "id_tutor": 42,
    "created_at": "2025-05-10T08:00:00.000Z"
  },
  {
    "name": "Agustina",
    "paternal_name": "Romero",
    "maternal_name": "Molina",
    "email": "agustina.romero@uc.cl",
    "year": "2025",
    "education": "Preparatoria",
    "participation_file": "",
    "participation_file_path": null,
    "preferred_group": 10,
    "status": "Pendiente",
    "id_group": null,
    "id_tutor": 42,
    "created_at": "2025-04-18T14:20:00.000Z"
  },
  {
    "name": "Trinidad",
    "paternal_name": "Fuentes",
    "maternal_name": "Cáceres",
    "email": "trinidad.fuentes@uc.cl",
    "year": "2025",
    "education": "Secundaria",
    "participation_file": "",
    "participation_file_path": null,
    "preferred_group": 10,
    "status": "Pendiente",
    "id_group": null,
    "id_tutor": 42,
    "created_at": "2025-03-30T12:00:00.000Z"
  },
  {
    "name": "Amanda",
    "paternal_name": "Campos",
    "maternal_name": "Soto",
    "email": "amanda.campos@uc.cl",
    "year": "2025",
    "education": "Preparatoria",
    "participation_file": "",
    "participation_file_path": null,
    "preferred_group": 10,
    "status": "Pendiente",
    "id_group": null,
    "id_tutor": 42,
    "created_at": "2025-05-05T17:00:00.000Z"
  },
  {
    "name": "Catalina",
    "paternal_name": "Pizarro",
    "maternal_name": "Bravo",
    "email": "catalina.pizarro@uc.cl",
    "year": "2025",
    "education": "Secundaria",
    "participation_file": "",
    "participation_file_path": null,
    "preferred_group": 10,
    "status": "Pendiente",
    "id_group": null,
    "id_tutor": 42,
    "created_at": "2025-04-02T15:00:00.000Z"
  },
  {
    "name": "Renata",
    "paternal_name": "Garrido",
    "maternal_name": "Salinas",
    "email": "renata.garrido@uc.cl",
    "year": "2025",
    "education": "Preparatoria",
    "participation_file": "",
    "participation_file_path": null,
    "preferred_group": 10,
    "status": "Rechazada",
    "id_group": null,
    "id_tutor": 42,
    "created_at": "2025-04-12T10:00:00.000Z"
  },
  {
    "name": "Valentina",
    "paternal_name": "Méndez",
    "maternal_name": "Carrasco",
    "email": "valentina.mendez@uc.cl",
    "year": "2025",
    "education": "Secundaria",
    "participation_file": "",
    "participation_file_path": null,
    "preferred_group": 10,
    "status": "Cancelada",
    "id_group": null,
    "id_tutor": 42,
    "created_at": "2025-05-03T11:00:00.000Z"
  },
  {
    "name": "Camila",
    "paternal_name": "Araya",
    "maternal_name": "Sanhueza",
    "email": "camila.araya@uc.cl",
    "year": "2025",
    "education": "Preparatoria",
    "participation_file": "",
    "participation_file_path": null,
    "preferred_group": 11,
    "status": "Aprobada",
    "id_group": 11,
    "id_tutor": 43,
    "created_at": "2025-03-20T10:00:00.000Z"
  },
  {
    "name": "Josefina",
    "paternal_name": "Navarrete",
    "maternal_name": "Espinoza",
    "email": "josefina.navarrete@uc.cl",
    "year": "2025",
    "education": "Secundaria",
    "participation_file": "",
    "participation_file_path": null,
    "preferred_group": 11,
    "status": "Aprobada",
    "id_group": 11,
    "id_tutor": 44,
    "created_at": "2025-04-05T09:00:00.000Z"
  },
  {
    "name": "Amanda",
    "paternal_name": "Saavedra",
    "maternal_name": "Vidal",
    "email": "amanda.saavedra@uc.cl",
    "year": "2025",
    "education": "Preparatoria",
    "participation_file": "",
    "participation_file_path": null,
    "preferred_group": 11,
    "status": "Aprobada",
    "id_group": 11,
    "id_tutor": 43,
    "created_at": "2025-05-07T13:00:00.000Z"
  },
  {
    "name": "Isidora",
    "paternal_name": "Cifuentes",
    "maternal_name": "Gallardo",
    "email": "isidora.cifuentes@uc.cl",
    "year": "2025",
    "education": "Secundaria",
    "participation_file": "",
    "participation_file_path": null,
    "preferred_group": 11,
    "status": "Aprobada",
    "id_group": 11,
    "id_tutor": 44,
    "created_at": "2025-03-29T12:00:00.000Z"
  },
  {
    "name": "Florencia",
    "paternal_name": "Moya",
    "maternal_name": "Vergara",
    "email": "florencia.moya@uc.cl",
    "year": "2025",
    "education": "Preparatoria",
    "participation_file": "",
    "participation_file_path": null,
    "preferred_group": 11,
    "status": "Aprobada",
    "id_group": 11,
    "id_tutor": 45,
    "created_at": "2025-04-15T14:00:00.000Z"
  },
  {
    "name": "Martina",
    "paternal_name": "Salazar",
    "maternal_name": "Paredes",
    "email": "martina.salazar@uc.cl",
    "year": "2025",
    "education": "Secundaria",
    "participation_file": "",
    "participation_file_path": null,
    "preferred_group": 11,
    "status": "Pendiente",
    "id_group": null,
    "id_tutor": 46,
    "created_at": "2025-05-11T10:00:00.000Z"
  },
  {
    "name": "Emilia",
    "paternal_name": "Riquelme",
    "maternal_name": "Soto",
    "email": "emilia.riquelme@uc.cl",
    "year": "2025",
    "education": "Preparatoria",
    "participation_file": "",
    "participation_file_path": null,
    "preferred_group": 11,
    "status": "Pendiente",
    "id_group": null,
    "id_tutor": 46,
    "created_at": "2025-03-27T09:00:00.000Z"
  },
  {
    "name": "Josefa",
    "paternal_name": "Cáceres",
    "maternal_name": "Maldonado",
    "email": "josefa.caceres@uc.cl",
    "year": "2025",
    "education": "Secundaria",
    "participation_file": "",
    "participation_file_path": null,
    "preferred_group": 11,
    "status": "Pendiente",
    "id_group": null,
    "id_tutor": 46,
    "created_at": "2025-04-08T11:00:00.000Z"
  },
  {
    "name": "Antonia",
    "paternal_name": "Bravo",
    "maternal_name": "Navarro",
    "email": "antonia.bravo@uc.cl",
    "year": "2025",
    "education": "Preparatoria",
    "participation_file": "",
    "participation_file_path": null,
    "preferred_group": 11,
    "status": "Pendiente",
    "id_group": null,
    "id_tutor": 43,
    "created_at": "2025-05-09T15:00:00.000Z"
  },
  {
    "name": "Trinidad",
    "paternal_name": "Garrido",
    "maternal_name": "Silva",
    "email": "trinidad.garrido@uc.cl",
    "year": "2025",
    "education": "Secundaria",
    "participation_file": "",
    "participation_file_path": null,
    "preferred_group": 11,
    "status": "Pendiente",
    "id_group": null,
    "id_tutor": 43,
    "created_at": "2025-03-22T13:00:00.000Z"
  },
  {
    "name": "Amanda",
    "paternal_name": "Mella",
    "maternal_name": "Sanhueza",
    "email": "amanda.mella@uc.cl",
    "year": "2025",
    "education": "Preparatoria",
    "participation_file": "",
    "participation_file_path": null,
    "preferred_group": 11,
    "status": "Rechazada",
    "id_group": null,
    "id_tutor": 43,
    "created_at": "2025-04-13T10:00:00.000Z"
  },
  {
    "name": "Josefina",
    "paternal_name": "Navarro",
    "maternal_name": "Carrasco",
    "email": "josefina.navarro@uc.cl",
    "year": "2025",
    "education": "Secundaria",
    "participation_file": "",
    "participation_file_path": null,
    "preferred_group": 11,
    "status": "Cancelada",
    "id_group": null,
    "id_tutor": 43,
    "created_at": "2025-05-04T11:00:00.000Z"
  },
  {
    "name": "Florencia",
    "paternal_name": "Rojas",
    "maternal_name": "Vega",
    "email": "florencia.rojas@uc.cl",
    "year": "2025",
    "education": "Secundaria",
    "participation_file": "",
    "participation_file_path": null,
    "preferred_group": 12,
    "status": "Aprobada",
    "id_group": 12,
    "id_tutor": 46,
    "created_at": "2025-03-18T10:00:00.000Z"
  },
  {
    "name": "Martina",
    "paternal_name": "Soto",
    "maternal_name": "Lagos",
    "email": "martina.soto@uc.cl",
    "year": "2025",
    "education": "Preparatoria",
    "participation_file": "",
    "participation_file_path": null,
    "preferred_group": 12,
    "status": "Aprobada",
    "id_group": 12,
    "id_tutor": 47,
    "created_at": "2025-04-06T09:00:00.000Z"
  },
  {
    "name": "Josefa",
    "paternal_name": "Gutiérrez",
    "maternal_name": "Muñoz",
    "email": "josefa.gutierrez@uc.cl",
    "year": "2025",
    "education": "Secundaria",
    "participation_file": "",
    "participation_file_path": null,
    "preferred_group": 12,
    "status": "Aprobada",
    "id_group": 12,
    "id_tutor": 46,
    "created_at": "2025-05-08T13:00:00.000Z"
  },
  {
    "name": "Antonia",
    "paternal_name": "Fernández",
    "maternal_name": "Navarro",
    "email": "antonia.fernandez@uc.cl",
    "year": "2025",
    "education": "Preparatoria",
    "participation_file": "",
    "participation_file_path": null,
    "preferred_group": 12,
    "status": "Aprobada",
    "id_group": 12,
    "id_tutor": 47,
    "created_at": "2025-03-31T12:00:00.000Z"
  },
  {
    "name": "Isidora",
    "paternal_name": "Paredes",
    "maternal_name": "Cáceres",
    "email": "isidora.paredes@uc.cl",
    "year": "2025",
    "education": "Secundaria",
    "participation_file": "",
    "participation_file_path": null,
    "preferred_group": 12,
    "status": "Aprobada",
    "id_group": 12,
    "id_tutor": 48,
    "created_at": "2025-04-17T14:00:00.000Z"
  },
  {
    "name": "Emilia",
    "paternal_name": "Bravo",
    "maternal_name": "Mella",
    "email": "emilia.bravo@uc.cl",
    "year": "2025",
    "education": "Preparatoria",
    "participation_file": "",
    "participation_file_path": null,
    "preferred_group": 12,
    "status": "Pendiente",
    "id_group": null,
    "id_tutor": 49,
    "created_at": "2025-05-12T10:00:00.000Z"
  },
  {
    "name": "Josefina",
    "paternal_name": "Sanhueza",
    "maternal_name": "Vergara",
    "email": "josefina.sanhueza@uc.cl",
    "year": "2025",
    "education": "Secundaria",
    "participation_file": "",
    "participation_file_path": null,
    "preferred_group": 12,
    "status": "Pendiente",
    "id_group": null,
    "id_tutor": 49,
    "created_at": "2025-03-26T09:00:00.000Z"
  },
  {
    "name": "Amanda",
    "paternal_name": "Navarro",
    "maternal_name": "Garrido",
    "email": "amanda.navarro@uc.cl",
    "year": "2025",
    "education": "Preparatoria",
    "participation_file": "",
    "participation_file_path": null,
    "preferred_group": 12,
    "status": "Pendiente",
    "id_group": null,
    "id_tutor": 49,
    "created_at": "2025-04-09T11:00:00.000Z"
  },
  {
    "name": "Florencia",
    "paternal_name": "Carrasco",
    "maternal_name": "Salinas",
    "email": "florencia.carrasco@uc.cl",
    "year": "2025",
    "education": "Secundaria",
    "participation_file": "",
    "participation_file_path": null,
    "preferred_group": 12,
    "status": "Pendiente",
    "id_group": null,
    "id_tutor": 49,
    "created_at": "2025-05-06T15:00:00.000Z"
  },
  {
    "name": "Martina",
    "paternal_name": "Maldonado",
    "maternal_name": "Soto",
    "email": "martina.maldonado@uc.cl",
    "year": "2025",
    "education": "Secundaria",
    "participation_file": "",
    "participation_file_path": null,
    "preferred_group": 12,
    "status": "Pendiente",
    "id_group": null,
    "id_tutor": 49,
    "created_at": "2025-03-23T13:00:00.000Z"
  },
  {
    "name": "Josefa",
    "paternal_name": "Paredes",
    "maternal_name": "Navarro",
    "email": "josefa.paredes@uc.cl",
    "year": "2025",
    "education": "Secundaria",
    "participation_file": "",
    "participation_file_path": null,
    "preferred_group": 12,
    "status": "Rechazada",
    "id_group": null,
    "id_tutor": 49,
    "created_at": "2025-04-14T10:00:00.000Z"
  },
  {
    "name": "Antonia",
    "paternal_name": "Gutiérrez",
    "maternal_name": "Cáceres",
    "email": "antonia.gutierrez@uc.cl",
    "year": "2025",
    "education": "Preparatoria",
    "participation_file": "",
    "participation_file_path": null,
    "preferred_group": 12,
    "status": "Cancelada",
    "id_group": null,
    "id_tutor": 49,
    "created_at": "2025-05-02T11:00:00.000Z"
  },
  {
    "name": "Emily",
    "paternal_name": "Johnson",
    "maternal_name": "Smith",
    "email": "emily.johnson@mit.com",
    "year": "2025",
    "education": "High School",
    "participation_file": "",
    "participation_file_path": null,
    "preferred_group": 13,
    "status": "Aprobada",
    "id_group": 13,
    "id_tutor": 49,
    "created_at": "2025-03-15T10:23:00.000Z"
  },
  {
    "name": "Sophia",
    "paternal_name": "Williams",
    "maternal_name": "Brown",
    "email": "sophia.williams@mit.com",
    "year": "2025",
    "education": "High School",
    "participation_file": "",
    "participation_file_path": null,
    "preferred_group": 13,
    "status": "Aprobada",
    "id_group": 13,
    "id_tutor": 50,
    "created_at": "2025-04-10T09:00:00.000Z"
  },
  {
    "name": "Olivia",
    "paternal_name": "Martinez",
    "maternal_name": "Garcia",
    "email": "olivia.martinez@mit.com",
    "year": "2025",
    "education": "High School",
    "participation_file": "",
    "participation_file_path": null,
    "preferred_group": 13,
    "status": "Aprobada",
    "id_group": 13,
    "id_tutor": 49,
    "created_at": "2025-05-01T13:45:00.000Z"
  },
  {
    "name": "Mia",
    "paternal_name": "Davis",
    "maternal_name": "Moore",
    "email": "mia.davis@mit.com",
    "year": "2025",
    "education": "High School",
    "participation_file": "",
    "participation_file_path": null,
    "preferred_group": 13,
    "status": "Aprobada",
    "id_group": 13,
    "id_tutor": 51,
    "created_at": "2025-03-28T16:30:00.000Z"
  },
  {
    "name": "Charlotte",
    "paternal_name": "Taylor",
    "maternal_name": "Anderson",
    "email": "charlotte.taylor@mit.com",
    "year": "2025",
    "education": "High School",
    "participation_file": "",
    "participation_file_path": null,
    "preferred_group": 13,
    "status": "Aprobada",
    "id_group": 13,
    "id_tutor": 50,
    "created_at": "2025-04-22T11:10:00.000Z"
  },
  {
    "name": "Avery",
    "paternal_name": "Thomas",
    "maternal_name": "Jackson",
    "email": "avery.thomas@mit.com",
    "year": "2025",
    "education": "High School",
    "participation_file": "",
    "participation_file_path": null,
    "preferred_group": 13,
    "status": "Pendiente",
    "id_group": null,
    "id_tutor": 52,
    "created_at": "2025-05-10T08:00:00.000Z"
  },
  {
    "name": "Harper",
    "paternal_name": "White",
    "maternal_name": "Harris",
    "email": "harper.white@mit.com",
    "year": "2025",
    "education": "High School",
    "participation_file": "",
    "participation_file_path": null,
    "preferred_group": 13,
    "status": "Pendiente",
    "id_group": null,
    "id_tutor": 52,
    "created_at": "2025-04-18T14:20:00.000Z"
  },
  {
    "name": "Ella",
    "paternal_name": "Martin",
    "maternal_name": "Thompson",
    "email": "ella.martin@mit.com",
    "year": "2025",
    "education": "High School",
    "participation_file": "",
    "participation_file_path": null,
    "preferred_group": 13,
    "status": "Pendiente",
    "id_group": null,
    "id_tutor": 52,
    "created_at": "2025-03-30T12:00:00.000Z"
  },
  {
    "name": "Grace",
    "paternal_name": "Martinez",
    "maternal_name": "Lee",
    "email": "grace.martinez@mit.com",
    "year": "2025",
    "education": "High School",
    "participation_file": "",
    "participation_file_path": null,
    "preferred_group": 13,
    "status": "Pendiente",
    "id_group": null,
    "id_tutor": 52,
    "created_at": "2025-05-05T17:00:00.000Z"
  },
  {
    "name": "Scarlett",
    "paternal_name": "Walker",
    "maternal_name": "Young",
    "email": "scarlett.walker@mit.com",
    "year": "2025",
    "education": "High School",
    "participation_file": "",
    "participation_file_path": null,
    "preferred_group": 13,
    "status": "Pendiente",
    "id_group": null,
    "id_tutor": 52,
    "created_at": "2025-04-02T15:00:00.000Z"
  },
  {
    "name": "Layla",
    "paternal_name": "King",
    "maternal_name": "Scott",
    "email": "layla.king@mit.com",
    "year": "2025",
    "education": "High School",
    "participation_file": "",
    "participation_file_path": null,
    "preferred_group": 13,
    "status": "Rechazada",
    "id_group": null,
    "id_tutor": 63,
    "created_at": "2025-04-12T10:00:00.000Z"
  },
  {
    "name": "Penelope",
    "paternal_name": "Green",
    "maternal_name": "Baker",
    "email": "penelope.green@mit.com",
    "year": "2025",
    "education": "High School",
    "participation_file": "",
    "participation_file_path": null,
    "preferred_group": 13,
    "status": "Cancelada",
    "id_group": null,
    "id_tutor": 64,
    "created_at": "2025-05-03T11:00:00.000Z"
  },
  {
    "name": "Zoe",
    "paternal_name": "Evans",
    "maternal_name": "Carter",
    "email": "zoe.evans@mit.com",
    "year": "2025",
    "education": "High School",
    "participation_file": "",
    "participation_file_path": null,
    "preferred_group": 14,
    "status": "Aprobada",
    "id_group": 14,
    "id_tutor": 52,
    "created_at": "2025-03-20T10:00:00.000Z"
  },
  {
    "name": "Lily",
    "paternal_name": "Mitchell",
    "maternal_name": "Perez",
    "email": "lily.mitchell@mit.com",
    "year": "2025",
    "education": "High School",
    "participation_file": "",
    "participation_file_path": null,
    "preferred_group": 14,
    "status": "Aprobada",
    "id_group": 14,
    "id_tutor": 53,
    "created_at": "2025-04-05T09:00:00.000Z"
  },
  {
    "name": "Evelyn",
    "paternal_name": "Roberts",
    "maternal_name": "Turner",
    "email": "evelyn.roberts@mit.com",
    "year": "2025",
    "education": "High School",
    "participation_file": "",
    "participation_file_path": null,
    "preferred_group": 14,
    "status": "Aprobada",
    "id_group": 14,
    "id_tutor": 52,
    "created_at": "2025-05-07T13:00:00.000Z"
  },
  {
    "name": "Hazel",
    "paternal_name": "Phillips",
    "maternal_name": "Campbell",
    "email": "hazel.phillips@mit.com",
    "year": "2025",
    "education": "High School",
    "participation_file": "",
    "participation_file_path": null,
    "preferred_group": 14,
    "status": "Aprobada",
    "id_group": 14,
    "id_tutor": 53,
    "created_at": "2025-03-29T12:00:00.000Z"
  },
  {
    "name": "Aurora",
    "paternal_name": "Parker",
    "maternal_name": "Collins",
    "email": "aurora.parker@mit.com",
    "year": "2025",
    "education": "High School",
    "participation_file": "",
    "participation_file_path": null,
    "preferred_group": 14,
    "status": "Aprobada",
    "id_group": 14,
    "id_tutor": 54,
    "created_at": "2025-04-15T14:00:00.000Z"
  },
  {
    "name": "Violet",
    "paternal_name": "Edwards",
    "maternal_name": "Stewart",
    "email": "violet.edwards@mit.com",
    "year": "2025",
    "education": "High School",
    "participation_file": "",
    "participation_file_path": null,
    "preferred_group": 14,
    "status": "Pendiente",
    "id_group": null,
    "id_tutor": 55,
    "created_at": "2025-05-11T10:00:00.000Z"
  },
  {
    "name": "Stella",
    "paternal_name": "Morris",
    "maternal_name": "Rogers",
    "email": "stella.morris@mit.com",
    "year": "2025",
    "education": "High School",
    "participation_file": "",
    "participation_file_path": null,
    "preferred_group": 14,
    "status": "Pendiente",
    "id_group": null,
    "id_tutor": 55,
    "created_at": "2025-03-27T09:00:00.000Z"
  },
  {
    "name": "Aurora",
    "paternal_name": "Bailey",
    "maternal_name": "Rivera",
    "email": "aurora.bailey@mit.com",
    "year": "2025",
    "education": "High School",
    "participation_file": "",
    "participation_file_path": null,
    "preferred_group": 14,
    "status": "Pendiente",
    "id_group": null,
    "id_tutor": 55,
    "created_at": "2025-04-08T11:00:00.000Z"
  },
  {
    "name": "Lucy",
    "paternal_name": "Cooper",
    "maternal_name": "Richardson",
    "email": "lucy.cooper@mit.com",
    "year": "2025",
    "education": "High School",
    "participation_file": "",
    "participation_file_path": null,
    "preferred_group": 14,
    "status": "Pendiente",
    "id_group": null,
    "id_tutor": 55,
    "created_at": "2025-05-09T15:00:00.000Z"
  },
  {
    "name": "Ellie",
    "paternal_name": "Cox",
    "maternal_name": "Ward",
    "email": "ellie.cox@mit.com",
    "year": "2025",
    "education": "High School",
    "participation_file": "",
    "participation_file_path": null,
    "preferred_group": 14,
    "status": "Pendiente",
    "id_group": null,
    "id_tutor": 55,
    "created_at": "2025-03-22T13:00:00.000Z"
  },
  {
    "name": "Mila",
    "paternal_name": "Wood",
    "maternal_name": "Watson",
    "email": "mila.wood@mit.com",
    "year": "2025",
    "education": "High School",
    "participation_file": "",
    "participation_file_path": null,
    "preferred_group": 14,
    "status": "Rechazada",
    "id_group": null,
    "id_tutor": 56,
    "created_at": "2025-04-13T10:00:00.000Z"
  },
  {
    "name": "Nora",
    "paternal_name": "Brooks",
    "maternal_name": "Bennett",
    "email": "nora.brooks@mit.com",
    "year": "2025",
    "education": "High School",
    "participation_file": "",
    "participation_file_path": null,
    "preferred_group": 14,
    "status": "Cancelada",
    "id_group": null,
    "id_tutor": 56,
    "created_at": "2025-05-04T11:00:00.000Z"
  },
  {
    "name": "Luna",
    "paternal_name": "Gray",
    "maternal_name": "Ramirez",
    "email": "luna.gray@mit.com",
    "year": "2025",
    "education": "High School",
    "participation_file": "",
    "participation_file_path": null,
    "preferred_group": 15,
    "status": "Aprobada",
    "id_group": 15,
    "id_tutor": 55,
    "created_at": "2025-03-18T10:00:00.000Z"
  },
  {
    "name": "Chloe",
    "paternal_name": "James",
    "maternal_name": "Torres",
    "email": "chloe.james@mit.com",
    "year": "2025",
    "education": "High School",
    "participation_file": "",
    "participation_file_path": null,
    "preferred_group": 15,
    "status": "Aprobada",
    "id_group": 15,
    "id_tutor": 56,
    "created_at": "2025-04-06T09:00:00.000Z"
  },
  {
    "name": "Sofia",
    "paternal_name": "Nguyen",
    "maternal_name": "Flores",
    "email": "sofia.nguyen@mit.com",
    "year": "2025",
    "education": "High School",
    "participation_file": "",
    "participation_file_path": null,
    "preferred_group": 15,
    "status": "Aprobada",
    "id_group": 15,
    "id_tutor": 55,
    "created_at": "2025-05-08T13:00:00.000Z"
  },
  {
    "name": "Madison",
    "paternal_name": "Sanders",
    "maternal_name": "Price",
    "email": "madison.sanders@mit.com",
    "year": "2025",
    "education": "High School",
    "participation_file": "",
    "participation_file_path": null,
    "preferred_group": 15,
    "status": "Aprobada",
    "id_group": 15,
    "id_tutor": 56,
    "created_at": "2025-03-31T12:00:00.000Z"
  },
  {
    "name": "Elliana",
    "paternal_name": "Baker",
    "maternal_name": "Bell",
    "email": "elliana.baker@mit.com",
    "year": "2025",
    "education": "High School",
    "participation_file": "",
    "participation_file_path": null,
    "preferred_group": 15,
    "status": "Aprobada",
    "id_group": 15,
    "id_tutor": 57,
    "created_at": "2025-04-17T14:00:00.000Z"
  },
  {
    "name": "Nova",
    "paternal_name": "Murphy",
    "maternal_name": "Reed",
    "email": "nova.murphy@mit.com",
    "year": "2025",
    "education": "High School",
    "participation_file": "",
    "participation_file_path": null,
    "preferred_group": 15,
    "status": "Pendiente",
    "id_group": null,
    "id_tutor": 58,
    "created_at": "2025-05-12T10:00:00.000Z"
  },
  {
    "name": "Savannah",
    "paternal_name": "Kelly",
    "maternal_name": "Ward",
    "email": "savannah.kelly@mit.com",
    "year": "2025",
    "education": "High School",
    "participation_file": "",
    "participation_file_path": null,
    "preferred_group": 15,
    "status": "Pendiente",
    "id_group": null,
    "id_tutor": 59,
    "created_at": "2025-03-26T09:00:00.000Z"
  },
  {
    "name": "Brooklyn",
    "paternal_name": "Rivera",
    "maternal_name": "Cruz",
    "email": "brooklyn.rivera@mit.com",
    "year": "2025",
    "education": "High School",
    "participation_file": "",
    "participation_file_path": null,
    "preferred_group": 15,
    "status": "Pendiente",
    "id_group": null,
    "id_tutor": 60,
    "created_at": "2025-04-09T11:00:00.000Z"
  },
  {
    "name": "Paisley",
    "paternal_name": "Bailey",
    "maternal_name": "Gonzalez",
    "email": "paisley.bailey@mit.com",
    "year": "2025",
    "education": "High School",
    "participation_file": "",
    "participation_file_path": null,
    "preferred_group": 15,
    "status": "Pendiente",
    "id_group": null,
    "id_tutor": 61,
    "created_at": "2025-05-06T15:00:00.000Z"
  },
  {
    "name": "Aurora",
    "paternal_name": "Long",
    "maternal_name": "Bryant",
    "email": "aurora.long@mit.com",
    "year": "2025",
    "education": "High School",
    "participation_file": "",
    "participation_file_path": null,
    "preferred_group": 15,
    "status": "Pendiente",
    "id_group": null,
    "id_tutor": 62,
    "created_at": "2025-03-23T13:00:00.000Z"
  },
  {
    "name": "Aubrey",
    "paternal_name": "Russell",
    "maternal_name": "Hayes",
    "email": "aubrey.russell@mit.com",
    "year": "2025",
    "education": "High School",
    "participation_file": "",
    "participation_file_path": null,
    "preferred_group": 15,
    "status": "Rechazada",
    "id_group": null,
    "id_tutor": 63,
    "created_at": "2025-04-14T10:00:00.000Z"
  },
  {
    "name": "Willow",
    "paternal_name": "Griffin",
    "maternal_name": "Diaz",
    "email": "willow.griffin@mit.com",
    "year": "2025",
    "education": "High School",
    "participation_file": "",
    "participation_file_path": null,
    "preferred_group": 15,
    "status": "Cancelada",
    "id_group": null,
    "id_tutor": 64,
    "created_at": "2025-05-02T11:00:00.000Z"
  }
]
