[
  {
    "id_tutor": 1,
    "name": "María Fernanda",
    "paternal_name": "García",
    "maternal_name": "López",
    "email": "tutor1@tutores.com",
    "phone_number": null
  },
  {
    "id_tutor": 2,
    "name": "Ana Sofía",
    "paternal_name": "Martínez",
    "maternal_name": "Ramírez",
    "email": "tutor2@tutores.com",
    "phone_number": null
  },
  {
    "id_tutor": 3,
    "name": "Valeria",
    "paternal_name": "Hernández",
    "maternal_name": "Santos",
    "email": "tutor3@tutores.com",
    "phone_number": null
  },
  {
    "id_tutor": 4,
    "name": "Camila",
    "paternal_name": "Ruiz",
    "maternal_name": "Torres",
    "email": "tutor4@tutores.com",
    "phone_number": null
  },
  {
    "id_tutor": 5,
    "name": "Sofía",
    "paternal_name": "Morales",
    "maternal_name": "Castillo",
    "email": "tutor5@tutores.com",
    "phone_number": null
  },
  {
    "id_tutor": 6,
    "name": "Regina",
    "paternal_name": "Flores",
    "maternal_name": "Jiménez",
    "email": "tutor6@tutores.com",
    "phone_number": null
  },
  {
    "id_tutor": 7,
    "name": "Montserrat",
    "paternal_name": "Vargas",
    "maternal_name": "Cruz",
    "email": "tutor7@tutores.com",
    "phone_number": null
  },
  {
    "id_tutor": 8,
    "name": "Alexa",
    "paternal_name": "López",
    "maternal_name": "Mendoza",
    "email": "tutor8@tutores.com",
    "phone_number": null
  },
  {
    "id_tutor": 9,
    "name": "Paola",
    "paternal_name": "Pineda",
    "maternal_name": "Silva",
    "email": "tutor9@tutores.com",
    "phone_number": null
  },
  {
    "id_tutor": 10,
    "name": "Andrea",
    "paternal_name": "Ramos",
    "maternal_name": "Peña",
    "email": "tutor10@tutores.com",
    "phone_number": null
  },
  {
    "id_tutor": 11,
    "name": "Ximena",
    "paternal_name": "Serrano",
    "maternal_name": "Aguilar",
    "email": "tutor11@tutores.com",
    "phone_number": null
  },
  {
    "id_tutor": 12,
    "name": "Danna",
    "paternal_name": "Luna",
    "maternal_name": "Campos",
    "email": "tutor12@tutores.com",
    "phone_number": null
  },
  {
    "id_tutor": 13,
    "name": "Renata",
    "paternal_name": "Castro",
    "maternal_name": "Luna",
    "email": "tutor13@tutores.com",
    "phone_number": null
  },
  {
    "id_tutor": 14,
    "name": "Elena",
    "paternal_name": "Campos",
    "maternal_name": "Solís",
    "email": "tutor14@tutores.com",
    "phone_number": null
  },
  {
    "id_tutor": 15,
    "name": "Julieta",
    "paternal_name": "Mora",
    "maternal_name": "Fuentes",
    "email": "tutor15@tutores.com",
    "phone_number": null
  },
  {
    "id_tutor": 16,
    "name": "Abril",
    "paternal_name": "Vázquez",
    "maternal_name": "Mejía",
    "email": "tutor16@tutores.com",
    "phone_number": null
  },
  {
    "id_tutor": 17,
    "name": "Mariana",
    "paternal_name": "Herrera",
    "maternal_name": "Lara",
    "email": "tutor17@tutores.com",
    "phone_number": null
  },
  {
    "id_tutor": 18,
    "name": "Daniela",
    "paternal_name": "Guerrero",
    "maternal_name": "Escobar",
    "email": "tutor18@tutores.com",
    "phone_number": null
  },
  {
    "id_tutor": 19,
    "name": "Sara",
    "paternal_name": "Maldonado",
    "maternal_name": "Padilla",
    "email": "tutor19@tutores.com",
    "phone_number": null
  },
  {
    "id_tutor": 20,
    "name": "Alexa",
    "paternal_name": "Peña",
    "maternal_name": "Campos",
    "email": "tutor20@tutores.com",
    "phone_number": null
  },
  {
    "id_tutor": 21,
    "name": "Sara",
    "paternal_name": "Maldonado",
    "maternal_name": "Padilla",
    "email": "tutor21@tutores.com",
    "phone_number": null
  },
  {
    "id_tutor": 22,
    "name": "Zoe",
    "paternal_name": "Soto",
    "maternal_name": "Delgado",
    "email": "tutor22@tutores.com",
    "phone_number": null
  },
  {
    "id_tutor": 23,
    "name": "Alexa",
    "paternal_name": "Mendoza",
    "maternal_name": "Navarro",
    "email": "tutor23@tutores.com",
    "phone_number": null
  },
  {
    "id_tutor": 24,
    "name": "Fernanda",
    "paternal_name": "Ortega",
    "maternal_name": "Silva",
    "email": "tutor24@tutores.com",
    "phone_number": null
  },
  {
    "id_tutor": 25,
    "name": "Diana",
    "paternal_name": "Pérez",
    "maternal_name": "Campos",
    "email": "tutor25@tutores.com",
    "phone_number": null
  },
  {
    "id_tutor": 26,
    "name": "Regina",
    "paternal_name": "Flores",
    "maternal_name": "Jiménez",
    "email": "tutor26@tutores.com",
    "phone_number": null
  },
  {
    "id_tutor": 27,
    "name": "Montserrat",
    "paternal_name": "Vargas",
    "maternal_name": "Cruz",
    "email": "tutor27@tutores.com",
    "phone_number": null
  },
  {
    "id_tutor": 28,
    "name": "Alexa",
    "paternal_name": "Mendoza",
    "maternal_name": "Navarro",
    "email": "tutor28@tutores.com",
    "phone_number": null
  },
  {
    "id_tutor": 29,
    "name": "Paola",
    "paternal_name": "Ortega",
    "maternal_name": "Silva",
    "email": "tutor29@tutores.com",
    "phone_number": null
  },
  {
    "id_tutor": 30,
    "name": "Andrea",
    "paternal_name": "Ramos",
    "maternal_name": "Peña",
    "email": "tutor30@tutores.com",
    "phone_number": null
  },
  {
    "id_tutor": 31,
    "name": "María Fernanda",
    "paternal_name": "Sánchez",
    "maternal_name": "Gómez",
    "email": "tutor31@tutores.com",
    "phone_number": null
  },
  {
    "id_tutor": 32,
    "name": "Ana Sofía",
    "paternal_name": "Martínez",
    "maternal_name": "Ramírez",
    "email": "tutor32@tutores.com",
    "phone_number": null
  },
  {
    "id_tutor": 33,
    "name": "Camila",
    "paternal_name": "Ruiz",
    "maternal_name": "Torres",
    "email": "tutor33@tutores.com",
    "phone_number": null
  },
  {
    "id_tutor": 34,
    "name": "Isabella",
    "paternal_name": "Domínguez",
    "maternal_name": "Salas",
    "email": "tutor34@tutores.com",
    "phone_number": null
  },
  {
    "id_tutor": 35,
    "name": "Emilia",
    "paternal_name": "Gómez",
    "maternal_name": "Vega",
    "email": "tutor35@tutores.com",
    "phone_number": null
  },
  {
    "id_tutor": 36,
    "name": "Aitana",
    "paternal_name": "Rojas",
    "maternal_name": "Molina",
    "email": "tutor36@tutores.com",
    "phone_number": null
  },
  {
    "id_tutor": 37,
    "name": "Lucía",
    "paternal_name": "Reyes",
    "maternal_name": "Paredes",
    "email": "tutor37@tutores.com",
    "phone_number": null
  },
  {
    "id_tutor": 38,
    "name": "Elena",
    "paternal_name": "Campos",
    "maternal_name": "Solís",
    "email": "tutor38@tutores.com",
    "phone_number": null
  },
  {
    "id_tutor": 39,
    "name": "Julieta",
    "paternal_name": "Mora",
    "maternal_name": "Fuentes",
    "email": "tutor39@tutores.com",
    "phone_number": null
  },
  {
    "id_tutor": 40,
    "name": "Abril",
    "paternal_name": "Vázquez",
    "maternal_name": "Mejía",
    "email": "tutor40@tutores.com",
    "phone_number": null
  },
  {
    "id_tutor": 41,
    "name": "Antonia",
    "paternal_name": "González",
    "maternal_name": "Pérez",
    "email": "tutor41@tutores.com",
    "phone_number": null
  },
  {
    "id_tutor": 42,
    "name": "Martina",
    "paternal_name": "Reyes",
    "maternal_name": "Morales",
    "email": "tutor42@tutores.com",
    "phone_number": null
  },
  {
    "id_tutor": 43,
    "name": "Camila",
    "paternal_name": "Araya",
    "maternal_name": "Sanhueza",
    "email": "tutor43@tutores.com",
    "phone_number": null
  },
  {
    "id_tutor": 44,
    "name": "Josefina",
    "paternal_name": "Navarrete",
    "maternal_name": "Espinoza",
    "email": "tutor44@tutores.com",
    "phone_number": null
  },
  {
    "id_tutor": 45,
    "name": "Florencia",
    "paternal_name": "Moya",
    "maternal_name": "Vergara",
    "email": "tutor45@tutores.com",
    "phone_number": null
  },
  {
    "id_tutor": 46,
    "name": "Martina",
    "paternal_name": "Salazar",
    "maternal_name": "Paredes",
    "email": "tutor46@tutores.com",
    "phone_number": null
  },
  {
    "id_tutor": 47,
    "name": "Martina",
    "paternal_name": "Soto",
    "maternal_name": "Lagos",
    "email": "tutor47@tutores.com",
    "phone_number": null
  },
  {
    "id_tutor": 48,
    "name": "Isidora",
    "paternal_name": "Paredes",
    "maternal_name": "Cáceres",
    "email": "tutor48@tutores.com",
    "phone_number": null
  },
  {
    "id_tutor": 49,
    "name": "Emilia",
    "paternal_name": "Bravo",
    "maternal_name": "Mella",
    "email": "tutor49@tutores.com",
    "phone_number": null
  },
  {
    "id_tutor": 50,
    "name": "Sophia",
    "paternal_name": "Williams",
    "maternal_name": "Brown",
    "email": "tutor50@tutores.com",
    "phone_number": null
  },
  {
    "id_tutor": 51,
    "name": "Mia",
    "paternal_name": "Davis",
    "maternal_name": "Moore",
    "email": "tutor51@tutores.com",
    "phone_number": null
  },
  {
    "id_tutor": 52,
    "name": "Avery",
    "paternal_name": "Thomas",
    "maternal_name": "Jackson",
    "email": "tutor52@tutores.com",
    "phone_number": null
  },
  {
    "id_tutor": 53,
    "name": "Lily",
    "paternal_name": "Mitchell",
    "maternal_name": "Perez",
    "email": "tutor53@tutores.com",
    "phone_number": null
  },
  {
    "id_tutor": 54,
    "name": "Aurora",
    "paternal_name": "Parker",
    "maternal_name": "Collins",
    "email": "tutor54@tutores.com",
    "phone_number": null
  },
  {
    "id_tutor": 55,
    "name": "Violet",
    "paternal_name": "Edwards",
    "maternal_name": "Stewart",
    "email": "tutor55@tutores.com",
    "phone_number": null
  },
  {
    "id_tutor": 56,
    "name": "Chloe",
    "paternal_name": "James",
    "maternal_name": "Torres",
    "email": "tutor56@tutores.com",
    "phone_number": null
  },
  {
    "id_tutor": 57,
    "name": "Elliana",
    "paternal_name": "Baker",
    "maternal_name": "Bell",
    "email": "tutor57@tutores.com",
    "phone_number": null
  },
  {
    "id_tutor": 58,
    "name": "Nova",
    "paternal_name": "Murphy",
    "maternal_name": "Reed",
    "email": "tutor58@tutores.com",
    "phone_number": null
  },
  {
    "id_tutor": 59,
    "name": "Savannah",
    "paternal_name": "Kelly",
    "maternal_name": "Ward",
    "email": "tutor59@tutores.com",
    "phone_number": null
  },
  {
    "id_tutor": 60,
    "name": "Brooklyn",
    "paternal_name": "Rivera",
    "maternal_name": "Cruz",
    "email": "tutor60@tutores.com",
    "phone_number": null
  },
  {
    "id_tutor": 61,
    "name": "Paisley",
    "paternal_name": "Bailey",
    "maternal_name": "Gonzalez",
    "email": "tutor61@tutores.com",
    "phone_number": null
  },
  {
    "id_tutor": 62,
    "name": "Aurora",
    "paternal_name": "Long",
    "maternal_name": "Bryant",
    "email": "tutor62@tutores.com",
    "phone_number": null
  },
  {
    "id_tutor": 63,
    "name": "Layla",
    "paternal_name": "King",
    "maternal_name": "Scott",
    "email": "tutor63@tutores.com",
    "phone_number": null
  },
  {
    "id_tutor": 64,
    "name": "Penelope",
    "paternal_name": "Green",
    "maternal_name": "Baker",
    "email": "tutor64@tutores.com",
    "phone_number": null
  }
]
