[
  {
    "name": "Mariana",
    "paternal_name": "García",
    "maternal_name": "López",
    "email": "mariana.garcia@tec.com.mx",
    "phone_number": "+5212221112233",
    "gender": "Femenino",
    "username": "mgarcia",
    "password": "hashedpassword1",
    "id_venue": 1,
    "status": "Aprobada",
    "created_at": "2025-03-15T10:00:00Z"
  },
  {
    "name": "Valeria",
    "paternal_name": "Martínez",
    "maternal_name": "Sánchez",
    "email": "valeria.martinez@tec.com.mx",
    "phone_number": "+5213332223344",
    "gender": "Femenino",
    "username": "vmartinez",
    "password": "hashedpassword2",
    "id_venue": 2,
    "status": "Aprobada",
    "created_at": "2025-04-10T09:30:00Z"
  },
  {
    "name": "Camila",
    "paternal_name": "Hernández",
    "maternal_name": "Ramírez",
    "email": "camila.hernandez@tec.com.mx",
    "phone_number": "+5214423334455",
    "gender": "Femenino",
    "username": "chernandez",
    "password": "hashedpassword3",
    "id_venue": 3,
    "status": "Aprobada",
    "created_at": "2025-05-05T08:45:00Z"
  },
  {
    "name": "Josefa",
    "paternal_name": "Rojas",
    "maternal_name": "Muñoz",
    "email": "josefa.rojas@uc.cl",
    "phone_number": "+56911122334",
    "gender": "Femenino",
    "username": "jrojas",
    "password": "hashedpassword4",
    "id_venue": 4,
    "status": "Aprobada",
    "created_at": "2025-03-22T11:15:00Z"
  },
  {
    "name": "Alexis",
    "paternal_name": "Taylor",
    "maternal_name": "Morgan",
    "email": "alexis.taylor@mit.com",
    "phone_number": "+16175551234",
    "gender": "No binario",
    "username": "ataylor",
    "password": "hashedpassword5",
    "id_venue": 5,
    "status": "Aprobada",
    "created_at": "2025-04-18T13:20:00Z"
  }
]
